level,subject,code,year,session,target_pdf_name,source_url,note
IGCSE,Accounting,0452,2021,March,0452_2021_March_ER.pdf,https://pastpapers.papacambridge.com/directories/CAIE/CAIE-pastpapers/upload/0452_m21_er.pdf,Public archive URL pattern based on PapaCambridge examiner-report PDFs.
IGCSE,Accounting,0452,2021,June,0452_2021_June_ER.pdf,https://pastpapers.papacambridge.com/directories/CAIE/CAIE-pastpapers/upload/0452_s21_er.pdf,Public archive URL pattern based on PapaCambridge examiner-report PDFs.
IGCSE,Accounting,0452,2021,November,0452_2021_November_ER.pdf,https://pastpapers.papacambridge.com/directories/CAIE/CAIE-pastpapers/upload/0452_w21_er.pdf,Public archive URL pattern based on PapaCambridge examiner-report PDFs.
IGCSE,Accounting,0452,2022,March,0452_2022_March_ER.pdf,https://pastpapers.papacambridge.com/directories/CAIE/CAIE-pastpapers/upload/0452_m22_er.pdf,Public archive URL pattern based on PapaCambridge examiner-report PDFs.
IGCSE,Accounting,0452,2022,June,0452_2022_June_ER.pdf,https://pastpapers.papacambridge.com/directories/CAIE/CAIE-pastpapers/upload/0452_s22_er.pdf,Public archive URL pattern based on PapaCambridge examiner-report PDFs.
IGCSE,Accounting,0452,2022,November,0452_2022_November_ER.pdf,https://pastpapers.papacambridge.com/directories/CAIE/CAIE-pastpapers/upload/0452_w22_er.pdf,Public archive URL pattern based on PapaCambridge examiner-report PDFs.
IGCSE,Accounting,0452,2023,March,0452_2023_March_ER.pdf,https://pastpapers.papacambridge.com/directories/CAIE/CAIE-pastpapers/upload/0452_m23_er.pdf,Public archive URL pattern based on PapaCambridge examiner-report PDFs.
IGCSE,Accounting,0452,2023,June,0452_2023_June_ER.pdf,https://pastpapers.papacambridge.com/directories/CAIE/CAIE-pastpapers/upload/0452_s23_er.pdf,Public archive URL pattern based on PapaCambridge examiner-report PDFs.
IGCSE,Accounting,0452,2023,November,0452_2023_November_ER.pdf,https://pastpapers.papacambridge.com/directories/CAIE/CAIE-pastpapers/upload/0452_w23_er.pdf,Public archive URL pattern based on PapaCambridge examiner-report PDFs.
IGCSE,Accounting,0452,2024,March,0452_2024_March_ER.pdf,https://pastpapers.papacambridge.com/directories/CAIE/CAIE-pastpapers/upload/0452_m24_er.pdf,Public archive URL pattern based on PapaCambridge examiner-report PDFs.
IGCSE,Accounting,0452,2024,June,0452_2024_June_ER.pdf,https://pastpapers.papacambridge.com/directories/CAIE/CAIE-pastpapers/upload/0452_s24_er.pdf,Public archive URL pattern based on PapaCambridge examiner-report PDFs.
IGCSE,Accounting,0452,2024,November,0452_2024_November_ER.pdf,https://pastpapers.papacambridge.com/directories/CAIE/CAIE-pastpapers/upload/0452_w24_er.pdf,Public archive URL pattern based on PapaCambridge examiner-report PDFs.
IGCSE,Accounting,0452,2025,March,0452_2025_March_ER.pdf,https://pastpapers.papacambridge.com/directories/CAIE/CAIE-pastpapers/upload/0452_m25_er.pdf,Public archive URL pattern based on PapaCambridge examiner-report PDFs.
IGCSE,Accounting,0452,2025,June,0452_2025_June_ER.pdf,https://pastpapers.papacambridge.com/directories/CAIE/CAIE-pastpapers/upload/0452_s25_er.pdf,Public archive URL pattern based on PapaCambridge examiner-report PDFs.
IGCSE,Accounting,0452,2025,November,0452_2025_November_ER.pdf,https://pastpapers.papacambridge.com/directories/CAIE/CAIE-pastpapers/upload/0452_w25_er.pdf,Public archive URL pattern based on PapaCambridge examiner-report PDFs.
IGCSE,Additional Mathematics,0606,2021,March,0606_2021_March_ER.pdf,https://pastpapers.papacambridge.com/directories/CAIE/CAIE-pastpapers/upload/0606_m21_er.pdf,Public archive URL pattern based on PapaCambridge examiner-report PDFs.
IGCSE,Additional Mathematics,0606,2021,June,0606_2021_June_ER.pdf,https://pastpapers.papacambridge.com/directories/CAIE/CAIE-pastpapers/upload/0606_s21_er.pdf,Public archive URL pattern based on PapaCambridge examiner-report PDFs.
IGCSE,Additional Mathematics,0606,2021,November,0606_2021_November_ER.pdf,https://pastpapers.papacambridge.com/directories/CAIE/CAIE-pastpapers/upload/0606_w21_er.pdf,Public archive URL pattern based on PapaCambridge examiner-report PDFs.
IGCSE,Additional Mathematics,0606,2022,March,0606_2022_March_ER.pdf,https://pastpapers.papacambridge.com/directories/CAIE/CAIE-pastpapers/upload/0606_m22_er.pdf,Public archive URL pattern based on PapaCambridge examiner-report PDFs.
IGCSE,Additional Mathematics,0606,2022,June,0606_2022_June_ER.pdf,https://pastpapers.papacambridge.com/directories/CAIE/CAIE-pastpapers/upload/0606_s22_er.pdf,Public archive URL pattern based on PapaCambridge examiner-report PDFs.
IGCSE,Additional Mathematics,0606,2022,November,0606_2022_November_ER.pdf,https://pastpapers.papacambridge.com/directories/CAIE/CAIE-pastpapers/upload/0606_w22_er.pdf,Public archive URL pattern based on PapaCambridge examiner-report PDFs.
IGCSE,Additional Mathematics,0606,2023,March,0606_2023_March_ER.pdf,https://pastpapers.papacambridge.com/directories/CAIE/CAIE-pastpapers/upload/0606_m23_er.pdf,Public archive URL pattern based on PapaCambridge examiner-report PDFs.
IGCSE,Additional Mathematics,0606,2023,June,0606_2023_June_ER.pdf,https://pastpapers.papacambridge.com/directories/CAIE/CAIE-pastpapers/upload/0606_s23_er.pdf,Public archive URL pattern based on PapaCambridge examiner-report PDFs.
IGCSE,Additional Mathematics,0606,2023,November,0606_2023_November_ER.pdf,https://pastpapers.papacambridge.com/directories/CAIE/CAIE-pastpapers/upload/0606_w23_er.pdf,Public archive URL pattern based on PapaCambridge examiner-report PDFs.
IGCSE,Additional Mathematics,0606,2024,March,0606_2024_March_ER.pdf,https://pastpapers.papacambridge.com/directories/CAIE/CAIE-pastpapers/upload/0606_m24_er.pdf,Public archive URL pattern based on PapaCambridge examiner-report PDFs.
IGCSE,Additional Mathematics,0606,2024,June,0606_2024_June_ER.pdf,https://pastpapers.papacambridge.com/directories/CAIE/CAIE-pastpapers/upload/0606_s24_er.pdf,Public archive URL pattern based on PapaCambridge examiner-report PDFs.
IGCSE,Additional Mathematics,0606,2024,November,0606_2024_November_ER.pdf,https://pastpapers.papacambridge.com/directories/CAIE/CAIE-pastpapers/upload/0606_w24_er.pdf,Public archive URL pattern based on PapaCambridge examiner-report PDFs.
IGCSE,Additional Mathematics,0606,2025,March,0606_2025_March_ER.pdf,https://pastpapers.papacambridge.com/directories/CAIE/CAIE-pastpapers/upload/0606_m25_er.pdf,Public archive URL pattern based on PapaCambridge examiner-report PDFs.
IGCSE,Additional Mathematics,0606,2025,June,0606_2025_June_ER.pdf,https://pastpapers.papacambridge.com/directories/CAIE/CAIE-pastpapers/upload/0606_s25_er.pdf,Public archive URL pattern based on PapaCambridge examiner-report PDFs.
IGCSE,Additional Mathematics,0606,2025,November,0606_2025_November_ER.pdf,https://pastpapers.papacambridge.com/directories/CAIE/CAIE-pastpapers/upload/0606_w25_er.pdf,Public archive URL pattern based on PapaCambridge examiner-report PDFs.
IGCSE,Biology,0610,2021,March,0610_2021_March_ER.pdf,https://pastpapers.papacambridge.com/directories/CAIE/CAIE-pastpapers/upload/0610_m21_er.pdf,Public archive URL pattern based on PapaCambridge examiner-report PDFs.
IGCSE,Biology,0610,2021,June,0610_2021_June_ER.pdf,https://pastpapers.papacambridge.com/directories/CAIE/CAIE-pastpapers/upload/0610_s21_er.pdf,Public archive URL pattern based on PapaCambridge examiner-report PDFs.
IGCSE,Biology,0610,2021,November,0610_2021_November_ER.pdf,https://pastpapers.papacambridge.com/directories/CAIE/CAIE-pastpapers/upload/0610_w21_er.pdf,Public archive URL pattern based on PapaCambridge examiner-report PDFs.
IGCSE,Biology,0610,2022,March,0610_2022_March_ER.pdf,https://pastpapers.papacambridge.com/directories/CAIE/CAIE-pastpapers/upload/0610_m22_er.pdf,Public archive URL pattern based on PapaCambridge examiner-report PDFs.
IGCSE,Biology,0610,2022,June,0610_2022_June_ER.pdf,https://pastpapers.papacambridge.com/directories/CAIE/CAIE-pastpapers/upload/0610_s22_er.pdf,Public archive URL pattern based on PapaCambridge examiner-report PDFs.
IGCSE,Biology,0610,2022,November,0610_2022_November_ER.pdf,https://pastpapers.papacambridge.com/directories/CAIE/CAIE-pastpapers/upload/0610_w22_er.pdf,Public archive URL pattern based on PapaCambridge examiner-report PDFs.
IGCSE,Biology,0610,2023,March,0610_2023_March_ER.pdf,https://pastpapers.papacambridge.com/directories/CAIE/CAIE-pastpapers/upload/0610_m23_er.pdf,Public archive URL pattern based on PapaCambridge examiner-report PDFs.
IGCSE,Biology,0610,2023,June,0610_2023_June_ER.pdf,https://pastpapers.papacambridge.com/directories/CAIE/CAIE-pastpapers/upload/0610_s23_er.pdf,Public archive URL pattern based on PapaCambridge examiner-report PDFs.
IGCSE,Biology,0610,2023,November,0610_2023_November_ER.pdf,https://pastpapers.papacambridge.com/directories/CAIE/CAIE-pastpapers/upload/0610_w23_er.pdf,Public archive URL pattern based on PapaCambridge examiner-report PDFs.
IGCSE,Biology,0610,2024,March,0610_2024_March_ER.pdf,https://pastpapers.papacambridge.com/directories/CAIE/CAIE-pastpapers/upload/0610_m24_er.pdf,Public archive URL pattern based on PapaCambridge examiner-report PDFs.
IGCSE,Biology,0610,2024,June,0610_2024_June_ER.pdf,https://pastpapers.papacambridge.com/directories/CAIE/CAIE-pastpapers/upload/0610_s24_er.pdf,Public archive URL pattern based on PapaCambridge examiner-report PDFs.
IGCSE,Biology,0610,2024,November,0610_2024_November_ER.pdf,https://pastpapers.papacambridge.com/directories/CAIE/CAIE-pastpapers/upload/0610_w24_er.pdf,Public archive URL pattern based on PapaCambridge examiner-report PDFs.
IGCSE,Biology,0610,2025,March,0610_2025_March_ER.pdf,https://pastpapers.papacambridge.com/directories/CAIE/CAIE-pastpapers/upload/0610_m25_er.pdf,Public archive URL pattern based on PapaCambridge examiner-report PDFs.
IGCSE,Biology,0610,2025,June,0610_2025_June_ER.pdf,https://pastpapers.papacambridge.com/directories/CAIE/CAIE-pastpapers/upload/0610_s25_er.pdf,Public archive URL pattern based on PapaCambridge examiner-report PDFs.
IGCSE,Biology,0610,2025,November,0610_2025_November_ER.pdf,https://pastpapers.papacambridge.com/directories/CAIE/CAIE-pastpapers/upload/0610_w25_er.pdf,Public archive URL pattern based on PapaCambridge examiner-report PDFs.
IGCSE,Business Studies,0450,2021,March,0450_2021_March_ER.pdf,https://pastpapers.papacambridge.com/directories/CAIE/CAIE-pastpapers/upload/0450_m21_er.pdf,Public archive URL pattern based on PapaCambridge examiner-report PDFs.
IGCSE,Business Studies,0450,2021,June,0450_2021_June_ER.pdf,https://pastpapers.papacambridge.com/directories/CAIE/CAIE-pastpapers/upload/0450_s21_er.pdf,Public archive URL pattern based on PapaCambridge examiner-report PDFs.
IGCSE,Business Studies,0450,2021,November,0450_2021_November_ER.pdf,https://pastpapers.papacambridge.com/directories/CAIE/CAIE-pastpapers/upload/0450_w21_er.pdf,Public archive URL pattern based on PapaCambridge examiner-report PDFs.
IGCSE,Business Studies,0450,2022,March,0450_2022_March_ER.pdf,https://pastpapers.papacambridge.com/directories/CAIE/CAIE-pastpapers/upload/0450_m22_er.pdf,Public archive URL pattern based on PapaCambridge examiner-report PDFs.
IGCSE,Business Studies,0450,2022,June,0450_2022_June_ER.pdf,https://pastpapers.papacambridge.com/directories/CAIE/CAIE-pastpapers/upload/0450_s22_er.pdf,Public archive URL pattern based on PapaCambridge examiner-report PDFs.
IGCSE,Business Studies,0450,2022,November,0450_2022_November_ER.pdf,https://pastpapers.papacambridge.com/directories/CAIE/CAIE-pastpapers/upload/0450_w22_er.pdf,Public archive URL pattern based on PapaCambridge examiner-report PDFs.
IGCSE,Business Studies,0450,2023,March,0450_2023_March_ER.pdf,https://pastpapers.papacambridge.com/directories/CAIE/CAIE-pastpapers/upload/0450_m23_er.pdf,Public archive URL pattern based on PapaCambridge examiner-report PDFs.
IGCSE,Business Studies,0450,2023,June,0450_2023_June_ER.pdf,https://pastpapers.papacambridge.com/directories/CAIE/CAIE-pastpapers/upload/0450_s23_er.pdf,Public archive URL pattern based on PapaCambridge examiner-report PDFs.
IGCSE,Business Studies,0450,2023,November,0450_2023_November_ER.pdf,https://pastpapers.papacambridge.com/directories/CAIE/CAIE-pastpapers/upload/0450_w23_er.pdf,Public archive URL pattern based on PapaCambridge examiner-report PDFs.
IGCSE,Business Studies,0450,2024,March,0450_2024_March_ER.pdf,https://pastpapers.papacambridge.com/directories/CAIE/CAIE-pastpapers/upload/0450_m24_er.pdf,Public archive URL pattern based on PapaCambridge examiner-report PDFs.
IGCSE,Business Studies,0450,2024,June,0450_2024_June_ER.pdf,https://pastpapers.papacambridge.com/directories/CAIE/CAIE-pastpapers/upload/0450_s24_er.pdf,Public archive URL pattern based on PapaCambridge examiner-report PDFs.
IGCSE,Business Studies,0450,2024,November,0450_2024_November_ER.pdf,https://pastpapers.papacambridge.com/directories/CAIE/CAIE-pastpapers/upload/0450_w24_er.pdf,Public archive URL pattern based on PapaCambridge examiner-report PDFs.
IGCSE,Business Studies,0450,2025,March,0450_2025_March_ER.pdf,https://pastpapers.papacambridge.com/directories/CAIE/CAIE-pastpapers/upload/0450_m25_er.pdf,Public archive URL pattern based on PapaCambridge examiner-report PDFs.
IGCSE,Business Studies,0450,2025,June,0450_2025_June_ER.pdf,https://pastpapers.papacambridge.com/directories/CAIE/CAIE-pastpapers/upload/0450_s25_er.pdf,Public archive URL pattern based on PapaCambridge examiner-report PDFs.
IGCSE,Business Studies,0450,2025,November,0450_2025_November_ER.pdf,https://pastpapers.papacambridge.com/directories/CAIE/CAIE-pastpapers/upload/0450_w25_er.pdf,Public archive URL pattern based on PapaCambridge examiner-report PDFs.
IGCSE,Chemistry,0620,2021,March,0620_2021_March_ER.pdf,https://pastpapers.papacambridge.com/directories/CAIE/CAIE-pastpapers/upload/0620_m21_er.pdf,Public archive URL pattern based on PapaCambridge examiner-report PDFs.
IGCSE,Chemistry,0620,2021,June,0620_2021_June_ER.pdf,https://pastpapers.papacambridge.com/directories/CAIE/CAIE-pastpapers/upload/0620_s21_er.pdf,Public archive URL pattern based on PapaCambridge examiner-report PDFs.
IGCSE,Chemistry,0620,2021,November,0620_2021_November_ER.pdf,https://pastpapers.papacambridge.com/directories/CAIE/CAIE-pastpapers/upload/0620_w21_er.pdf,Public archive URL pattern based on PapaCambridge examiner-report PDFs.
IGCSE,Chemistry,0620,2022,March,0620_2022_March_ER.pdf,https://pastpapers.papacambridge.com/directories/CAIE/CAIE-pastpapers/upload/0620_m22_er.pdf,Public archive URL pattern based on PapaCambridge examiner-report PDFs.
IGCSE,Chemistry,0620,2022,June,0620_2022_June_ER.pdf,https://pastpapers.papacambridge.com/directories/CAIE/CAIE-pastpapers/upload/0620_s22_er.pdf,Public archive URL pattern based on PapaCambridge examiner-report PDFs.
IGCSE,Chemistry,0620,2022,November,0620_2022_November_ER.pdf,https://pastpapers.papacambridge.com/directories/CAIE/CAIE-pastpapers/upload/0620_w22_er.pdf,Public archive URL pattern based on PapaCambridge examiner-report PDFs.
IGCSE,Chemistry,0620,2023,March,0620_2023_March_ER.pdf,https://pastpapers.papacambridge.com/directories/CAIE/CAIE-pastpapers/upload/0620_m23_er.pdf,Public archive URL pattern based on PapaCambridge examiner-report PDFs.
IGCSE,Chemistry,0620,2023,June,0620_2023_June_ER.pdf,https://pastpapers.papacambridge.com/directories/CAIE/CAIE-pastpapers/upload/0620_s23_er.pdf,Public archive URL pattern based on PapaCambridge examiner-report PDFs.
IGCSE,Chemistry,0620,2023,November,0620_2023_November_ER.pdf,https://pastpapers.papacambridge.com/directories/CAIE/CAIE-pastpapers/upload/0620_w23_er.pdf,Public archive URL pattern based on PapaCambridge examiner-report PDFs.
IGCSE,Chemistry,0620,2024,March,0620_2024_March_ER.pdf,https://pastpapers.papacambridge.com/directories/CAIE/CAIE-pastpapers/upload/0620_m24_er.pdf,Public archive URL pattern based on PapaCambridge examiner-report PDFs.
IGCSE,Chemistry,0620,2024,June,0620_2024_June_ER.pdf,https://pastpapers.papacambridge.com/directories/CAIE/CAIE-pastpapers/upload/0620_s24_er.pdf,Public archive URL pattern based on PapaCambridge examiner-report PDFs.
IGCSE,Chemistry,0620,2024,November,0620_2024_November_ER.pdf,https://pastpapers.papacambridge.com/directories/CAIE/CAIE-pastpapers/upload/0620_w24_er.pdf,Public archive URL pattern based on PapaCambridge examiner-report PDFs.
IGCSE,Chemistry,0620,2025,March,0620_2025_March_ER.pdf,https://pastpapers.papacambridge.com/directories/CAIE/CAIE-pastpapers/upload/0620_m25_er.pdf,Public archive URL pattern based on PapaCambridge examiner-report PDFs.
IGCSE,Chemistry,0620,2025,June,0620_2025_June_ER.pdf,https://pastpapers.papacambridge.com/directories/CAIE/CAIE-pastpapers/upload/0620_s25_er.pdf,Public archive URL pattern based on PapaCambridge examiner-report PDFs.
IGCSE,Chemistry,0620,2025,November,0620_2025_November_ER.pdf,https://pastpapers.papacambridge.com/directories/CAIE/CAIE-pastpapers/upload/0620_w25_er.pdf,Public archive URL pattern based on PapaCambridge examiner-report PDFs.
IGCSE,Computer Science,0478,2021,March,0478_2021_March_ER.pdf,https://pastpapers.papacambridge.com/directories/CAIE/CAIE-pastpapers/upload/0478_m21_er.pdf,Public archive URL pattern based on PapaCambridge examiner-report PDFs.
IGCSE,Computer Science,0478,2021,June,0478_2021_June_ER.pdf,https://pastpapers.papacambridge.com/directories/CAIE/CAIE-pastpapers/upload/0478_s21_er.pdf,Public archive URL pattern based on PapaCambridge examiner-report PDFs.
IGCSE,Computer Science,0478,2021,November,0478_2021_November_ER.pdf,https://pastpapers.papacambridge.com/directories/CAIE/CAIE-pastpapers/upload/0478_w21_er.pdf,Public archive URL pattern based on PapaCambridge examiner-report PDFs.
IGCSE,Computer Science,0478,2022,March,0478_2022_March_ER.pdf,https://pastpapers.papacambridge.com/directories/CAIE/CAIE-pastpapers/upload/0478_m22_er.pdf,Public archive URL pattern based on PapaCambridge examiner-report PDFs.
IGCSE,Computer Science,0478,2022,June,0478_2022_June_ER.pdf,https://pastpapers.papacambridge.com/directories/CAIE/CAIE-pastpapers/upload/0478_s22_er.pdf,Public archive URL pattern based on PapaCambridge examiner-report PDFs.
IGCSE,Computer Science,0478,2022,November,0478_2022_November_ER.pdf,https://pastpapers.papacambridge.com/directories/CAIE/CAIE-pastpapers/upload/0478_w22_er.pdf,Public archive URL pattern based on PapaCambridge examiner-report PDFs.
IGCSE,Computer Science,0478,2023,March,0478_2023_March_ER.pdf,https://pastpapers.papacambridge.com/directories/CAIE/CAIE-pastpapers/upload/0478_m23_er.pdf,Public archive URL pattern based on PapaCambridge examiner-report PDFs.
IGCSE,Computer Science,0478,2023,June,0478_2023_June_ER.pdf,https://pastpapers.papacambridge.com/directories/CAIE/CAIE-pastpapers/upload/0478_s23_er.pdf,Public archive URL pattern based on PapaCambridge examiner-report PDFs.
IGCSE,Computer Science,0478,2023,November,0478_2023_November_ER.pdf,https://pastpapers.papacambridge.com/directories/CAIE/CAIE-pastpapers/upload/0478_w23_er.pdf,Public archive URL pattern based on PapaCambridge examiner-report PDFs.
IGCSE,Computer Science,0478,2024,March,0478_2024_March_ER.pdf,https://pastpapers.papacambridge.com/directories/CAIE/CAIE-pastpapers/upload/0478_m24_er.pdf,Public archive URL pattern based on PapaCambridge examiner-report PDFs.
IGCSE,Computer Science,0478,2024,June,0478_2024_June_ER.pdf,https://pastpapers.papacambridge.com/directories/CAIE/CAIE-pastpapers/upload/0478_s24_er.pdf,Public archive URL pattern based on PapaCambridge examiner-report PDFs.
IGCSE,Computer Science,0478,2024,November,0478_2024_November_ER.pdf,https://pastpapers.papacambridge.com/directories/CAIE/CAIE-pastpapers/upload/0478_w24_er.pdf,Public archive URL pattern based on PapaCambridge examiner-report PDFs.
IGCSE,Computer Science,0478,2025,March,0478_2025_March_ER.pdf,https://pastpapers.papacambridge.com/directories/CAIE/CAIE-pastpapers/upload/0478_m25_er.pdf,Public archive URL pattern based on PapaCambridge examiner-report PDFs.
IGCSE,Computer Science,0478,2025,June,0478_2025_June_ER.pdf,https://pastpapers.papacambridge.com/directories/CAIE/CAIE-pastpapers/upload/0478_s25_er.pdf,Public archive URL pattern based on PapaCambridge examiner-report PDFs.
IGCSE,Computer Science,0478,2025,November,0478_2025_November_ER.pdf,https://pastpapers.papacambridge.com/directories/CAIE/CAIE-pastpapers/upload/0478_w25_er.pdf,Public archive URL pattern based on PapaCambridge examiner-report PDFs.
IGCSE,Design and Technology,0445,2021,March,0445_2021_March_ER.pdf,https://pastpapers.papacambridge.com/directories/CAIE/CAIE-pastpapers/upload/0445_m21_er.pdf,Public archive URL pattern based on PapaCambridge examiner-report PDFs.
IGCSE,Design and Technology,0445,2021,June,0445_2021_June_ER.pdf,https://pastpapers.papacambridge.com/directories/CAIE/CAIE-pastpapers/upload/0445_s21_er.pdf,Public archive URL pattern based on PapaCambridge examiner-report PDFs.
IGCSE,Design and Technology,0445,2021,November,0445_2021_November_ER.pdf,https://pastpapers.papacambridge.com/directories/CAIE/CAIE-pastpapers/upload/0445_w21_er.pdf,Public archive URL pattern based on PapaCambridge examiner-report PDFs.
IGCSE,Design and Technology,0445,2022,March,0445_2022_March_ER.pdf,https://pastpapers.papacambridge.com/directories/CAIE/CAIE-pastpapers/upload/0445_m22_er.pdf,Public archive URL pattern based on PapaCambridge examiner-report PDFs.
IGCSE,Design and Technology,0445,2022,June,0445_2022_June_ER.pdf,https://pastpapers.papacambridge.com/directories/CAIE/CAIE-pastpapers/upload/0445_s22_er.pdf,Public archive URL pattern based on PapaCambridge examiner-report PDFs.
IGCSE,Design and Technology,0445,2022,November,0445_2022_November_ER.pdf,https://pastpapers.papacambridge.com/directories/CAIE/CAIE-pastpapers/upload/0445_w22_er.pdf,Public archive URL pattern based on PapaCambridge examiner-report PDFs.
IGCSE,Design and Technology,0445,2023,March,0445_2023_March_ER.pdf,https://pastpapers.papacambridge.com/directories/CAIE/CAIE-pastpapers/upload/0445_m23_er.pdf,Public archive URL pattern based on PapaCambridge examiner-report PDFs.
IGCSE,Design and Technology,0445,2023,June,0445_2023_June_ER.pdf,https://pastpapers.papacambridge.com/directories/CAIE/CAIE-pastpapers/upload/0445_s23_er.pdf,Public archive URL pattern based on PapaCambridge examiner-report PDFs.
IGCSE,Design and Technology,0445,2023,November,0445_2023_November_ER.pdf,https://pastpapers.papacambridge.com/directories/CAIE/CAIE-pastpapers/upload/0445_w23_er.pdf,Public archive URL pattern based on PapaCambridge examiner-report PDFs.
IGCSE,Design and Technology,0445,2024,March,0445_2024_March_ER.pdf,https://pastpapers.papacambridge.com/directories/CAIE/CAIE-pastpapers/upload/0445_m24_er.pdf,Public archive URL pattern based on PapaCambridge examiner-report PDFs.
IGCSE,Design and Technology,0445,2024,June,0445_2024_June_ER.pdf,https://pastpapers.papacambridge.com/directories/CAIE/CAIE-pastpapers/upload/0445_s24_er.pdf,Public archive URL pattern based on PapaCambridge examiner-report PDFs.
IGCSE,Design and Technology,0445,2024,November,0445_2024_November_ER.pdf,https://pastpapers.papacambridge.com/directories/CAIE/CAIE-pastpapers/upload/0445_w24_er.pdf,Public archive URL pattern based on PapaCambridge examiner-report PDFs.
IGCSE,Design and Technology,0445,2025,March,0445_2025_March_ER.pdf,https://pastpapers.papacambridge.com/directories/CAIE/CAIE-pastpapers/upload/0445_m25_er.pdf,Public archive URL pattern based on PapaCambridge examiner-report PDFs.
IGCSE,Design and Technology,0445,2025,June,0445_2025_June_ER.pdf,https://pastpapers.papacambridge.com/directories/CAIE/CAIE-pastpapers/upload/0445_s25_er.pdf,Public archive URL pattern based on PapaCambridge examiner-report PDFs.
IGCSE,Design and Technology,0445,2025,November,0445_2025_November_ER.pdf,https://pastpapers.papacambridge.com/directories/CAIE/CAIE-pastpapers/upload/0445_w25_er.pdf,Public archive URL pattern based on PapaCambridge examiner-report PDFs.
IGCSE,Economics,0455,2021,March,0455_2021_March_ER.pdf,https://pastpapers.papacambridge.com/directories/CAIE/CAIE-pastpapers/upload/0455_m21_er.pdf,Public archive URL pattern based on PapaCambridge examiner-report PDFs.
IGCSE,Economics,0455,2021,June,0455_2021_June_ER.pdf,https://pastpapers.papacambridge.com/directories/CAIE/CAIE-pastpapers/upload/0455_s21_er.pdf,Public archive URL pattern based on PapaCambridge examiner-report PDFs.
IGCSE,Economics,0455,2021,November,0455_2021_November_ER.pdf,https://pastpapers.papacambridge.com/directories/CAIE/CAIE-pastpapers/upload/0455_w21_er.pdf,Public archive URL pattern based on PapaCambridge examiner-report PDFs.
IGCSE,Economics,0455,2022,March,0455_2022_March_ER.pdf,https://pastpapers.papacambridge.com/directories/CAIE/CAIE-pastpapers/upload/0455_m22_er.pdf,Public archive URL pattern based on PapaCambridge examiner-report PDFs.
IGCSE,Economics,0455,2022,June,0455_2022_June_ER.pdf,https://pastpapers.papacambridge.com/directories/CAIE/CAIE-pastpapers/upload/0455_s22_er.pdf,Public archive URL pattern based on PapaCambridge examiner-report PDFs.
IGCSE,Economics,0455,2022,November,0455_2022_November_ER.pdf,https://pastpapers.papacambridge.com/directories/CAIE/CAIE-pastpapers/upload/0455_w22_er.pdf,Public archive URL pattern based on PapaCambridge examiner-report PDFs.
IGCSE,Economics,0455,2023,March,0455_2023_March_ER.pdf,https://pastpapers.papacambridge.com/directories/CAIE/CAIE-pastpapers/upload/0455_m23_er.pdf,Public archive URL pattern based on PapaCambridge examiner-report PDFs.
IGCSE,Economics,0455,2023,June,0455_2023_June_ER.pdf,https://pastpapers.papacambridge.com/directories/CAIE/CAIE-pastpapers/upload/0455_s23_er.pdf,Public archive URL pattern based on PapaCambridge examiner-report PDFs.
IGCSE,Economics,0455,2023,November,0455_2023_November_ER.pdf,https://pastpapers.papacambridge.com/directories/CAIE/CAIE-pastpapers/upload/0455_w23_er.pdf,Public archive URL pattern based on PapaCambridge examiner-report PDFs.
IGCSE,Economics,0455,2024,March,0455_2024_March_ER.pdf,https://pastpapers.papacambridge.com/directories/CAIE/CAIE-pastpapers/upload/0455_m24_er.pdf,Public archive URL pattern based on PapaCambridge examiner-report PDFs.
IGCSE,Economics,0455,2024,June,0455_2024_June_ER.pdf,https://pastpapers.papacambridge.com/directories/CAIE/CAIE-pastpapers/upload/0455_s24_er.pdf,Public archive URL pattern based on PapaCambridge examiner-report PDFs.
IGCSE,Economics,0455,2024,November,0455_2024_November_ER.pdf,https://pastpapers.papacambridge.com/directories/CAIE/CAIE-pastpapers/upload/0455_w24_er.pdf,Public archive URL pattern based on PapaCambridge examiner-report PDFs.
IGCSE,Economics,0455,2025,March,0455_2025_March_ER.pdf,https://pastpapers.papacambridge.com/directories/CAIE/CAIE-pastpapers/upload/0455_m25_er.pdf,Public archive URL pattern based on PapaCambridge examiner-report PDFs.
IGCSE,Economics,0455,2025,June,0455_2025_June_ER.pdf,https://pastpapers.papacambridge.com/directories/CAIE/CAIE-pastpapers/upload/0455_s25_er.pdf,Public archive URL pattern based on PapaCambridge examiner-report PDFs.
IGCSE,Economics,0455,2025,November,0455_2025_November_ER.pdf,https://pastpapers.papacambridge.com/directories/CAIE/CAIE-pastpapers/upload/0455_w25_er.pdf,Public archive URL pattern based on PapaCambridge examiner-report PDFs.
IGCSE,English First Language,0500,2021,March,0500_2021_March_ER.pdf,https://pastpapers.papacambridge.com/directories/CAIE/CAIE-pastpapers/upload/0500_m21_er.pdf,Public archive URL pattern based on PapaCambridge examiner-report PDFs.
IGCSE,English First Language,0500,2021,June,0500_2021_June_ER.pdf,https://pastpapers.papacambridge.com/directories/CAIE/CAIE-pastpapers/upload/0500_s21_er.pdf,Public archive URL pattern based on PapaCambridge examiner-report PDFs.
IGCSE,English First Language,0500,2021,November,0500_2021_November_ER.pdf,https://pastpapers.papacambridge.com/directories/CAIE/CAIE-pastpapers/upload/0500_w21_er.pdf,Public archive URL pattern based on PapaCambridge examiner-report PDFs.
IGCSE,English First Language,0500,2022,March,0500_2022_March_ER.pdf,https://pastpapers.papacambridge.com/directories/CAIE/CAIE-pastpapers/upload/0500_m22_er.pdf,Public archive URL pattern based on PapaCambridge examiner-report PDFs.
IGCSE,English First Language,0500,2022,June,0500_2022_June_ER.pdf,https://pastpapers.papacambridge.com/directories/CAIE/CAIE-pastpapers/upload/0500_s22_er.pdf,Public archive URL pattern based on PapaCambridge examiner-report PDFs.
IGCSE,English First Language,0500,2022,November,0500_2022_November_ER.pdf,https://pastpapers.papacambridge.com/directories/CAIE/CAIE-pastpapers/upload/0500_w22_er.pdf,Public archive URL pattern based on PapaCambridge examiner-report PDFs.
IGCSE,English First Language,0500,2023,March,0500_2023_March_ER.pdf,https://pastpapers.papacambridge.com/directories/CAIE/CAIE-pastpapers/upload/0500_m23_er.pdf,Public archive URL pattern based on PapaCambridge examiner-report PDFs.
IGCSE,English First Language,0500,2023,June,0500_2023_June_ER.pdf,https://pastpapers.papacambridge.com/directories/CAIE/CAIE-pastpapers/upload/0500_s23_er.pdf,Public archive URL pattern based on PapaCambridge examiner-report PDFs.
IGCSE,English First Language,0500,2023,November,0500_2023_November_ER.pdf,https://pastpapers.papacambridge.com/directories/CAIE/CAIE-pastpapers/upload/0500_w23_er.pdf,Public archive URL pattern based on PapaCambridge examiner-report PDFs.
IGCSE,English First Language,0500,2024,March,0500_2024_March_ER.pdf,https://pastpapers.papacambridge.com/directories/CAIE/CAIE-pastpapers/upload/0500_m24_er.pdf,Public archive URL pattern based on PapaCambridge examiner-report PDFs.
IGCSE,English First Language,0500,2024,June,0500_2024_June_ER.pdf,https://pastpapers.papacambridge.com/directories/CAIE/CAIE-pastpapers/upload/0500_s24_er.pdf,Public archive URL pattern based on PapaCambridge examiner-report PDFs.
IGCSE,English First Language,0500,2024,November,0500_2024_November_ER.pdf,https://pastpapers.papacambridge.com/directories/CAIE/CAIE-pastpapers/upload/0500_w24_er.pdf,Public archive URL pattern based on PapaCambridge examiner-report PDFs.
IGCSE,English First Language,0500,2025,March,0500_2025_March_ER.pdf,https://pastpapers.papacambridge.com/directories/CAIE/CAIE-pastpapers/upload/0500_m25_er.pdf,Public archive URL pattern based on PapaCambridge examiner-report PDFs.
IGCSE,English First Language,0500,2025,June,0500_2025_June_ER.pdf,https://pastpapers.papacambridge.com/directories/CAIE/CAIE-pastpapers/upload/0500_s25_er.pdf,Public archive URL pattern based on PapaCambridge examiner-report PDFs.
IGCSE,English First Language,0500,2025,November,0500_2025_November_ER.pdf,https://pastpapers.papacambridge.com/directories/CAIE/CAIE-pastpapers/upload/0500_w25_er.pdf,Public archive URL pattern based on PapaCambridge examiner-report PDFs.
IGCSE,French Foreign Language,0520,2021,March,0520_2021_March_ER.pdf,https://pastpapers.papacambridge.com/directories/CAIE/CAIE-pastpapers/upload/0520_m21_er.pdf,Public archive URL pattern based on PapaCambridge examiner-report PDFs.
IGCSE,French Foreign Language,0520,2021,June,0520_2021_June_ER.pdf,https://pastpapers.papacambridge.com/directories/CAIE/CAIE-pastpapers/upload/0520_s21_er.pdf,Public archive URL pattern based on PapaCambridge examiner-report PDFs.
IGCSE,French Foreign Language,0520,2021,November,0520_2021_November_ER.pdf,https://pastpapers.papacambridge.com/directories/CAIE/CAIE-pastpapers/upload/0520_w21_er.pdf,Public archive URL pattern based on PapaCambridge examiner-report PDFs.
IGCSE,French Foreign Language,0520,2022,March,0520_2022_March_ER.pdf,https://pastpapers.papacambridge.com/directories/CAIE/CAIE-pastpapers/upload/0520_m22_er.pdf,Public archive URL pattern based on PapaCambridge examiner-report PDFs.
IGCSE,French Foreign Language,0520,2022,June,0520_2022_June_ER.pdf,https://pastpapers.papacambridge.com/directories/CAIE/CAIE-pastpapers/upload/0520_s22_er.pdf,Public archive URL pattern based on PapaCambridge examiner-report PDFs.
IGCSE,French Foreign Language,0520,2022,November,0520_2022_November_ER.pdf,https://pastpapers.papacambridge.com/directories/CAIE/CAIE-pastpapers/upload/0520_w22_er.pdf,Public archive URL pattern based on PapaCambridge examiner-report PDFs.
IGCSE,French Foreign Language,0520,2023,March,0520_2023_March_ER.pdf,https://pastpapers.papacambridge.com/directories/CAIE/CAIE-pastpapers/upload/0520_m23_er.pdf,Public archive URL pattern based on PapaCambridge examiner-report PDFs.
IGCSE,French Foreign Language,0520,2023,June,0520_2023_June_ER.pdf,https://pastpapers.papacambridge.com/directories/CAIE/CAIE-pastpapers/upload/0520_s23_er.pdf,Public archive URL pattern based on PapaCambridge examiner-report PDFs.
IGCSE,French Foreign Language,0520,2023,November,0520_2023_November_ER.pdf,https://pastpapers.papacambridge.com/directories/CAIE/CAIE-pastpapers/upload/0520_w23_er.pdf,Public archive URL pattern based on PapaCambridge examiner-report PDFs.
IGCSE,French Foreign Language,0520,2024,March,0520_2024_March_ER.pdf,https://pastpapers.papacambridge.com/directories/CAIE/CAIE-pastpapers/upload/0520_m24_er.pdf,Public archive URL pattern based on PapaCambridge examiner-report PDFs.
IGCSE,French Foreign Language,0520,2024,June,0520_2024_June_ER.pdf,https://pastpapers.papacambridge.com/directories/CAIE/CAIE-pastpapers/upload/0520_s24_er.pdf,Public archive URL pattern based on PapaCambridge examiner-report PDFs.
IGCSE,French Foreign Language,0520,2024,November,0520_2024_November_ER.pdf,https://pastpapers.papacambridge.com/directories/CAIE/CAIE-pastpapers/upload/0520_w24_er.pdf,Public archive URL pattern based on PapaCambridge examiner-report PDFs.
IGCSE,French Foreign Language,0520,2025,March,0520_2025_March_ER.pdf,https://pastpapers.papacambridge.com/directories/CAIE/CAIE-pastpapers/upload/0520_m25_er.pdf,Public archive URL pattern based on PapaCambridge examiner-report PDFs.
IGCSE,French Foreign Language,0520,2025,June,0520_2025_June_ER.pdf,https://pastpapers.papacambridge.com/directories/CAIE/CAIE-pastpapers/upload/0520_s25_er.pdf,Public archive URL pattern based on PapaCambridge examiner-report PDFs.
IGCSE,French Foreign Language,0520,2025,November,0520_2025_November_ER.pdf,https://pastpapers.papacambridge.com/directories/CAIE/CAIE-pastpapers/upload/0520_w25_er.pdf,Public archive URL pattern based on PapaCambridge examiner-report PDFs.
IGCSE,Geography,0460,2021,March,0460_2021_March_ER.pdf,https://pastpapers.papacambridge.com/directories/CAIE/CAIE-pastpapers/upload/0460_m21_er.pdf,Public archive URL pattern based on PapaCambridge examiner-report PDFs.
IGCSE,Geography,0460,2021,June,0460_2021_June_ER.pdf,https://pastpapers.papacambridge.com/directories/CAIE/CAIE-pastpapers/upload/0460_s21_er.pdf,Public archive URL pattern based on PapaCambridge examiner-report PDFs.
IGCSE,Geography,0460,2021,November,0460_2021_November_ER.pdf,https://pastpapers.papacambridge.com/directories/CAIE/CAIE-pastpapers/upload/0460_w21_er.pdf,Public archive URL pattern based on PapaCambridge examiner-report PDFs.
IGCSE,Geography,0460,2022,March,0460_2022_March_ER.pdf,https://pastpapers.papacambridge.com/directories/CAIE/CAIE-pastpapers/upload/0460_m22_er.pdf,Public archive URL pattern based on PapaCambridge examiner-report PDFs.
IGCSE,Geography,0460,2022,June,0460_2022_June_ER.pdf,https://pastpapers.papacambridge.com/directories/CAIE/CAIE-pastpapers/upload/0460_s22_er.pdf,Public archive URL pattern based on PapaCambridge examiner-report PDFs.
IGCSE,Geography,0460,2022,November,0460_2022_November_ER.pdf,https://pastpapers.papacambridge.com/directories/CAIE/CAIE-pastpapers/upload/0460_w22_er.pdf,Public archive URL pattern based on PapaCambridge examiner-report PDFs.
IGCSE,Geography,0460,2023,March,0460_2023_March_ER.pdf,https://pastpapers.papacambridge.com/directories/CAIE/CAIE-pastpapers/upload/0460_m23_er.pdf,Public archive URL pattern based on PapaCambridge examiner-report PDFs.
IGCSE,Geography,0460,2023,June,0460_2023_June_ER.pdf,https://pastpapers.papacambridge.com/directories/CAIE/CAIE-pastpapers/upload/0460_s23_er.pdf,Public archive URL pattern based on PapaCambridge examiner-report PDFs.
IGCSE,Geography,0460,2023,November,0460_2023_November_ER.pdf,https://pastpapers.papacambridge.com/directories/CAIE/CAIE-pastpapers/upload/0460_w23_er.pdf,Public archive URL pattern based on PapaCambridge examiner-report PDFs.
IGCSE,Geography,0460,2024,March,0460_2024_March_ER.pdf,https://pastpapers.papacambridge.com/directories/CAIE/CAIE-pastpapers/upload/0460_m24_er.pdf,Public archive URL pattern based on PapaCambridge examiner-report PDFs.
IGCSE,Geography,0460,2024,June,0460_2024_June_ER.pdf,https://pastpapers.papacambridge.com/directories/CAIE/CAIE-pastpapers/upload/0460_s24_er.pdf,Public archive URL pattern based on PapaCambridge examiner-report PDFs.
IGCSE,Geography,0460,2024,November,0460_2024_November_ER.pdf,https://pastpapers.papacambridge.com/directories/CAIE/CAIE-pastpapers/upload/0460_w24_er.pdf,Public archive URL pattern based on PapaCambridge examiner-report PDFs.
IGCSE,Geography,0460,2025,March,0460_2025_March_ER.pdf,https://pastpapers.papacambridge.com/directories/CAIE/CAIE-pastpapers/upload/0460_m25_er.pdf,Public archive URL pattern based on PapaCambridge examiner-report PDFs.
IGCSE,Geography,0460,2025,June,0460_2025_June_ER.pdf,https://pastpapers.papacambridge.com/directories/CAIE/CAIE-pastpapers/upload/0460_s25_er.pdf,Public archive URL pattern based on PapaCambridge examiner-report PDFs.
IGCSE,Geography,0460,2025,November,0460_2025_November_ER.pdf,https://pastpapers.papacambridge.com/directories/CAIE/CAIE-pastpapers/upload/0460_w25_er.pdf,Public archive URL pattern based on PapaCambridge examiner-report PDFs.
IGCSE,History,0470,2021,March,0470_2021_March_ER.pdf,https://pastpapers.papacambridge.com/directories/CAIE/CAIE-pastpapers/upload/0470_m21_er.pdf,Public archive URL pattern based on PapaCambridge examiner-report PDFs.
IGCSE,History,0470,2021,June,0470_2021_June_ER.pdf,https://pastpapers.papacambridge.com/directories/CAIE/CAIE-pastpapers/upload/0470_s21_er.pdf,Public archive URL pattern based on PapaCambridge examiner-report PDFs.
IGCSE,History,0470,2021,November,0470_2021_November_ER.pdf,https://pastpapers.papacambridge.com/directories/CAIE/CAIE-pastpapers/upload/0470_w21_er.pdf,Public archive URL pattern based on PapaCambridge examiner-report PDFs.
IGCSE,History,0470,2022,March,0470_2022_March_ER.pdf,https://pastpapers.papacambridge.com/directories/CAIE/CAIE-pastpapers/upload/0470_m22_er.pdf,Public archive URL pattern based on PapaCambridge examiner-report PDFs.
IGCSE,History,0470,2022,June,0470_2022_June_ER.pdf,https://pastpapers.papacambridge.com/directories/CAIE/CAIE-pastpapers/upload/0470_s22_er.pdf,Public archive URL pattern based on PapaCambridge examiner-report PDFs.
IGCSE,History,0470,2022,November,0470_2022_November_ER.pdf,https://pastpapers.papacambridge.com/directories/CAIE/CAIE-pastpapers/upload/0470_w22_er.pdf,Public archive URL pattern based on PapaCambridge examiner-report PDFs.
IGCSE,History,0470,2023,March,0470_2023_March_ER.pdf,https://pastpapers.papacambridge.com/directories/CAIE/CAIE-pastpapers/upload/0470_m23_er.pdf,Public archive URL pattern based on PapaCambridge examiner-report PDFs.
IGCSE,History,0470,2023,June,0470_2023_June_ER.pdf,https://pastpapers.papacambridge.com/directories/CAIE/CAIE-pastpapers/upload/0470_s23_er.pdf,Public archive URL pattern based on PapaCambridge examiner-report PDFs.
IGCSE,History,0470,2023,November,0470_2023_November_ER.pdf,https://pastpapers.papacambridge.com/directories/CAIE/CAIE-pastpapers/upload/0470_w23_er.pdf,Public archive URL pattern based on PapaCambridge examiner-report PDFs.
IGCSE,History,0470,2024,March,0470_2024_March_ER.pdf,https://pastpapers.papacambridge.com/directories/CAIE/CAIE-pastpapers/upload/0470_m24_er.pdf,Public archive URL pattern based on PapaCambridge examiner-report PDFs.
IGCSE,History,0470,2024,June,0470_2024_June_ER.pdf,https://pastpapers.papacambridge.com/directories/CAIE/CAIE-pastpapers/upload/0470_s24_er.pdf,Public archive URL pattern based on PapaCambridge examiner-report PDFs.
IGCSE,History,0470,2024,November,0470_2024_November_ER.pdf,https://pastpapers.papacambridge.com/directories/CAIE/CAIE-pastpapers/upload/0470_w24_er.pdf,Public archive URL pattern based on PapaCambridge examiner-report PDFs.
IGCSE,History,0470,2025,March,0470_2025_March_ER.pdf,https://pastpapers.papacambridge.com/directories/CAIE/CAIE-pastpapers/upload/0470_m25_er.pdf,Public archive URL pattern based on PapaCambridge examiner-report PDFs.
IGCSE,History,0470,2025,June,0470_2025_June_ER.pdf,https://pastpapers.papacambridge.com/directories/CAIE/CAIE-pastpapers/upload/0470_s25_er.pdf,Public archive URL pattern based on PapaCambridge examiner-report PDFs.
IGCSE,History,0470,2025,November,0470_2025_November_ER.pdf,https://pastpapers.papacambridge.com/directories/CAIE/CAIE-pastpapers/upload/0470_w25_er.pdf,Public archive URL pattern based on PapaCambridge examiner-report PDFs.
IGCSE,Literature in English,0475,2021,March,0475_2021_March_ER.pdf,https://pastpapers.papacambridge.com/directories/CAIE/CAIE-pastpapers/upload/0475_m21_er.pdf,Public archive URL pattern based on PapaCambridge examiner-report PDFs.
IGCSE,Literature in English,0475,2021,June,0475_2021_June_ER.pdf,https://pastpapers.papacambridge.com/directories/CAIE/CAIE-pastpapers/upload/0475_s21_er.pdf,Public archive URL pattern based on PapaCambridge examiner-report PDFs.
IGCSE,Literature in English,0475,2021,November,0475_2021_November_ER.pdf,https://pastpapers.papacambridge.com/directories/CAIE/CAIE-pastpapers/upload/0475_w21_er.pdf,Public archive URL pattern based on PapaCambridge examiner-report PDFs.
IGCSE,Literature in English,0475,2022,March,0475_2022_March_ER.pdf,https://pastpapers.papacambridge.com/directories/CAIE/CAIE-pastpapers/upload/0475_m22_er.pdf,Public archive URL pattern based on PapaCambridge examiner-report PDFs.
IGCSE,Literature in English,0475,2022,June,0475_2022_June_ER.pdf,https://pastpapers.papacambridge.com/directories/CAIE/CAIE-pastpapers/upload/0475_s22_er.pdf,Public archive URL pattern based on PapaCambridge examiner-report PDFs.
IGCSE,Literature in English,0475,2022,November,0475_2022_November_ER.pdf,https://pastpapers.papacambridge.com/directories/CAIE/CAIE-pastpapers/upload/0475_w22_er.pdf,Public archive URL pattern based on PapaCambridge examiner-report PDFs.
IGCSE,Literature in English,0475,2023,March,0475_2023_March_ER.pdf,https://pastpapers.papacambridge.com/directories/CAIE/CAIE-pastpapers/upload/0475_m23_er.pdf,Public archive URL pattern based on PapaCambridge examiner-report PDFs.
IGCSE,Literature in English,0475,2023,June,0475_2023_June_ER.pdf,https://pastpapers.papacambridge.com/directories/CAIE/CAIE-pastpapers/upload/0475_s23_er.pdf,Public archive URL pattern based on PapaCambridge examiner-report PDFs.
IGCSE,Literature in English,0475,2023,November,0475_2023_November_ER.pdf,https://pastpapers.papacambridge.com/directories/CAIE/CAIE-pastpapers/upload/0475_w23_er.pdf,Public archive URL pattern based on PapaCambridge examiner-report PDFs.
IGCSE,Literature in English,0475,2024,March,0475_2024_March_ER.pdf,https://pastpapers.papacambridge.com/directories/CAIE/CAIE-pastpapers/upload/0475_m24_er.pdf,Public archive URL pattern based on PapaCambridge examiner-report PDFs.
IGCSE,Literature in English,0475,2024,June,0475_2024_June_ER.pdf,https://pastpapers.papacambridge.com/directories/CAIE/CAIE-pastpapers/upload/0475_s24_er.pdf,Public archive URL pattern based on PapaCambridge examiner-report PDFs.
IGCSE,Literature in English,0475,2024,November,0475_2024_November_ER.pdf,https://pastpapers.papacambridge.com/directories/CAIE/CAIE-pastpapers/upload/0475_w24_er.pdf,Public archive URL pattern based on PapaCambridge examiner-report PDFs.
IGCSE,Literature in English,0475,2025,March,0475_2025_March_ER.pdf,https://pastpapers.papacambridge.com/directories/CAIE/CAIE-pastpapers/upload/0475_m25_er.pdf,Public archive URL pattern based on PapaCambridge examiner-report PDFs.
IGCSE,Literature in English,0475,2025,June,0475_2025_June_ER.pdf,https://pastpapers.papacambridge.com/directories/CAIE/CAIE-pastpapers/upload/0475_s25_er.pdf,Public archive URL pattern based on PapaCambridge examiner-report PDFs.
IGCSE,Literature in English,0475,2025,November,0475_2025_November_ER.pdf,https://pastpapers.papacambridge.com/directories/CAIE/CAIE-pastpapers/upload/0475_w25_er.pdf,Public archive URL pattern based on PapaCambridge examiner-report PDFs.
IGCSE,Mathematics,0580,2021,March,0580_2021_March_ER.pdf,https://pastpapers.papacambridge.com/directories/CAIE/CAIE-pastpapers/upload/0580_m21_er.pdf,Public archive URL pattern based on PapaCambridge examiner-report PDFs.
IGCSE,Mathematics,0580,2021,June,0580_2021_June_ER.pdf,https://pastpapers.papacambridge.com/directories/CAIE/CAIE-pastpapers/upload/0580_s21_er.pdf,Public archive URL pattern based on PapaCambridge examiner-report PDFs.
IGCSE,Mathematics,0580,2021,November,0580_2021_November_ER.pdf,https://pastpapers.papacambridge.com/directories/CAIE/CAIE-pastpapers/upload/0580_w21_er.pdf,Public archive URL pattern based on PapaCambridge examiner-report PDFs.
IGCSE,Mathematics,0580,2022,March,0580_2022_March_ER.pdf,https://pastpapers.papacambridge.com/directories/CAIE/CAIE-pastpapers/upload/0580_m22_er.pdf,Public archive URL pattern based on PapaCambridge examiner-report PDFs.
IGCSE,Mathematics,0580,2022,June,0580_2022_June_ER.pdf,https://pastpapers.papacambridge.com/directories/CAIE/CAIE-pastpapers/upload/0580_s22_er.pdf,Public archive URL pattern based on PapaCambridge examiner-report PDFs.
IGCSE,Mathematics,0580,2022,November,0580_2022_November_ER.pdf,https://pastpapers.papacambridge.com/directories/CAIE/CAIE-pastpapers/upload/0580_w22_er.pdf,Public archive URL pattern based on PapaCambridge examiner-report PDFs.
IGCSE,Mathematics,0580,2023,March,0580_2023_March_ER.pdf,https://pastpapers.papacambridge.com/directories/CAIE/CAIE-pastpapers/upload/0580_m23_er.pdf,Public archive URL pattern based on PapaCambridge examiner-report PDFs.
IGCSE,Mathematics,0580,2023,June,0580_2023_June_ER.pdf,https://pastpapers.papacambridge.com/directories/CAIE/CAIE-pastpapers/upload/0580_s23_er.pdf,Public archive URL pattern based on PapaCambridge examiner-report PDFs.
IGCSE,Mathematics,0580,2023,November,0580_2023_November_ER.pdf,https://pastpapers.papacambridge.com/directories/CAIE/CAIE-pastpapers/upload/0580_w23_er.pdf,Public archive URL pattern based on PapaCambridge examiner-report PDFs.
IGCSE,Mathematics,0580,2024,March,0580_2024_March_ER.pdf,https://pastpapers.papacambridge.com/directories/CAIE/CAIE-pastpapers/upload/0580_m24_er.pdf,Public archive URL pattern based on PapaCambridge examiner-report PDFs.
IGCSE,Mathematics,0580,2024,June,0580_2024_June_ER.pdf,https://pastpapers.papacambridge.com/directories/CAIE/CAIE-pastpapers/upload/0580_s24_er.pdf,Public archive URL pattern based on PapaCambridge examiner-report PDFs.
IGCSE,Mathematics,0580,2024,November,0580_2024_November_ER.pdf,https://pastpapers.papacambridge.com/directories/CAIE/CAIE-pastpapers/upload/0580_w24_er.pdf,Public archive URL pattern based on PapaCambridge examiner-report PDFs.
IGCSE,Mathematics,0580,2025,March,0580_2025_March_ER.pdf,https://pastpapers.papacambridge.com/directories/CAIE/CAIE-pastpapers/upload/0580_m25_er.pdf,Public archive URL pattern based on PapaCambridge examiner-report PDFs.
IGCSE,Mathematics,0580,2025,June,0580_2025_June_ER.pdf,https://pastpapers.papacambridge.com/directories/CAIE/CAIE-pastpapers/upload/0580_s25_er.pdf,Public archive URL pattern based on PapaCambridge examiner-report PDFs.
IGCSE,Mathematics,0580,2025,November,0580_2025_November_ER.pdf,https://pastpapers.papacambridge.com/directories/CAIE/CAIE-pastpapers/upload/0580_w25_er.pdf,Public archive URL pattern based on PapaCambridge examiner-report PDFs.
IGCSE,Physics,0625,2021,March,0625_2021_March_ER.pdf,https://pastpapers.papacambridge.com/directories/CAIE/CAIE-pastpapers/upload/0625_m21_er.pdf,Public archive URL pattern based on PapaCambridge examiner-report PDFs.
IGCSE,Physics,0625,2021,June,0625_2021_June_ER.pdf,https://pastpapers.papacambridge.com/directories/CAIE/CAIE-pastpapers/upload/0625_s21_er.pdf,Public archive URL pattern based on PapaCambridge examiner-report PDFs.
IGCSE,Physics,0625,2021,November,0625_2021_November_ER.pdf,https://pastpapers.papacambridge.com/directories/CAIE/CAIE-pastpapers/upload/0625_w21_er.pdf,Public archive URL pattern based on PapaCambridge examiner-report PDFs.
IGCSE,Physics,0625,2022,March,0625_2022_March_ER.pdf,https://pastpapers.papacambridge.com/directories/CAIE/CAIE-pastpapers/upload/0625_m22_er.pdf,Public archive URL pattern based on PapaCambridge examiner-report PDFs.
IGCSE,Physics,0625,2022,June,0625_2022_June_ER.pdf,https://pastpapers.papacambridge.com/directories/CAIE/CAIE-pastpapers/upload/0625_s22_er.pdf,Public archive URL pattern based on PapaCambridge examiner-report PDFs.
IGCSE,Physics,0625,2022,November,0625_2022_November_ER.pdf,https://pastpapers.papacambridge.com/directories/CAIE/CAIE-pastpapers/upload/0625_w22_er.pdf,Public archive URL pattern based on PapaCambridge examiner-report PDFs.
IGCSE,Physics,0625,2023,March,0625_2023_March_ER.pdf,https://pastpapers.papacambridge.com/directories/CAIE/CAIE-pastpapers/upload/0625_m23_er.pdf,Public archive URL pattern based on PapaCambridge examiner-report PDFs.
IGCSE,Physics,0625,2023,June,0625_2023_June_ER.pdf,https://pastpapers.papacambridge.com/directories/CAIE/CAIE-pastpapers/upload/0625_s23_er.pdf,Public archive URL pattern based on PapaCambridge examiner-report PDFs.
IGCSE,Physics,0625,2023,November,0625_2023_November_ER.pdf,https://pastpapers.papacambridge.com/directories/CAIE/CAIE-pastpapers/upload/0625_w23_er.pdf,Public archive URL pattern based on PapaCambridge examiner-report PDFs.
IGCSE,Physics,0625,2024,March,0625_2024_March_ER.pdf,https://pastpapers.papacambridge.com/directories/CAIE/CAIE-pastpapers/upload/0625_m24_er.pdf,Public archive URL pattern based on PapaCambridge examiner-report PDFs.
IGCSE,Physics,0625,2024,June,0625_2024_June_ER.pdf,https://pastpapers.papacambridge.com/directories/CAIE/CAIE-pastpapers/upload/0625_s24_er.pdf,Public archive URL pattern based on PapaCambridge examiner-report PDFs.
IGCSE,Physics,0625,2024,November,0625_2024_November_ER.pdf,https://pastpapers.papacambridge.com/directories/CAIE/CAIE-pastpapers/upload/0625_w24_er.pdf,Public archive URL pattern based on PapaCambridge examiner-report PDFs.
IGCSE,Physics,0625,2025,March,0625_2025_March_ER.pdf,https://pastpapers.papacambridge.com/directories/CAIE/CAIE-pastpapers/upload/0625_m25_er.pdf,Public archive URL pattern based on PapaCambridge examiner-report PDFs.
IGCSE,Physics,0625,2025,June,0625_2025_June_ER.pdf,https://pastpapers.papacambridge.com/directories/CAIE/CAIE-pastpapers/upload/0625_s25_er.pdf,Public archive URL pattern based on PapaCambridge examiner-report PDFs.
IGCSE,Physics,0625,2025,November,0625_2025_November_ER.pdf,https://pastpapers.papacambridge.com/directories/CAIE/CAIE-pastpapers/upload/0625_w25_er.pdf,Public archive URL pattern based on PapaCambridge examiner-report PDFs.
A_Level,Accounting,9706,2021,March,9706_2021_March_ER.pdf,https://pastpapers.papacambridge.com/directories/CAIE/CAIE-pastpapers/upload/9706_m21_er.pdf,Public archive URL pattern based on PapaCambridge examiner-report PDFs.
A_Level,Accounting,9706,2021,June,9706_2021_June_ER.pdf,https://pastpapers.papacambridge.com/directories/CAIE/CAIE-pastpapers/upload/9706_s21_er.pdf,Public archive URL pattern based on PapaCambridge examiner-report PDFs.
A_Level,Accounting,9706,2021,November,9706_2021_November_ER.pdf,https://pastpapers.papacambridge.com/directories/CAIE/CAIE-pastpapers/upload/9706_w21_er.pdf,Public archive URL pattern based on PapaCambridge examiner-report PDFs.
A_Level,Accounting,9706,2022,March,9706_2022_March_ER.pdf,https://pastpapers.papacambridge.com/directories/CAIE/CAIE-pastpapers/upload/9706_m22_er.pdf,Public archive URL pattern based on PapaCambridge examiner-report PDFs.
A_Level,Accounting,9706,2022,June,9706_2022_June_ER.pdf,https://pastpapers.papacambridge.com/directories/CAIE/CAIE-pastpapers/upload/9706_s22_er.pdf,Public archive URL pattern based on PapaCambridge examiner-report PDFs.
A_Level,Accounting,9706,2022,November,9706_2022_November_ER.pdf,https://pastpapers.papacambridge.com/directories/CAIE/CAIE-pastpapers/upload/9706_w22_er.pdf,Public archive URL pattern based on PapaCambridge examiner-report PDFs.
A_Level,Accounting,9706,2023,March,9706_2023_March_ER.pdf,https://pastpapers.papacambridge.com/directories/CAIE/CAIE-pastpapers/upload/9706_m23_er.pdf,Public archive URL pattern based on PapaCambridge examiner-report PDFs.
A_Level,Accounting,9706,2023,June,9706_2023_June_ER.pdf,https://pastpapers.papacambridge.com/directories/CAIE/CAIE-pastpapers/upload/9706_s23_er.pdf,Public archive URL pattern based on PapaCambridge examiner-report PDFs.
A_Level,Accounting,9706,2023,November,9706_2023_November_ER.pdf,https://pastpapers.papacambridge.com/directories/CAIE/CAIE-pastpapers/upload/9706_w23_er.pdf,Public archive URL pattern based on PapaCambridge examiner-report PDFs.
A_Level,Accounting,9706,2024,March,9706_2024_March_ER.pdf,https://pastpapers.papacambridge.com/directories/CAIE/CAIE-pastpapers/upload/9706_m24_er.pdf,Public archive URL pattern based on PapaCambridge examiner-report PDFs.
A_Level,Accounting,9706,2024,June,9706_2024_June_ER.pdf,https://pastpapers.papacambridge.com/directories/CAIE/CAIE-pastpapers/upload/9706_s24_er.pdf,Public archive URL pattern based on PapaCambridge examiner-report PDFs.
A_Level,Accounting,9706,2024,November,9706_2024_November_ER.pdf,https://pastpapers.papacambridge.com/directories/CAIE/CAIE-pastpapers/upload/9706_w24_er.pdf,Public archive URL pattern based on PapaCambridge examiner-report PDFs.
A_Level,Accounting,9706,2025,March,9706_2025_March_ER.pdf,https://pastpapers.papacambridge.com/directories/CAIE/CAIE-pastpapers/upload/9706_m25_er.pdf,Public archive URL pattern based on PapaCambridge examiner-report PDFs.
A_Level,Accounting,9706,2025,June,9706_2025_June_ER.pdf,https://pastpapers.papacambridge.com/directories/CAIE/CAIE-pastpapers/upload/9706_s25_er.pdf,Public archive URL pattern based on PapaCambridge examiner-report PDFs.
A_Level,Accounting,9706,2025,November,9706_2025_November_ER.pdf,https://pastpapers.papacambridge.com/directories/CAIE/CAIE-pastpapers/upload/9706_w25_er.pdf,Public archive URL pattern based on PapaCambridge examiner-report PDFs.
A_Level,Biology,9700,2021,March,9700_2021_March_ER.pdf,https://pastpapers.papacambridge.com/directories/CAIE/CAIE-pastpapers/upload/9700_m21_er.pdf,Public archive URL pattern based on PapaCambridge examiner-report PDFs.
A_Level,Biology,9700,2021,June,9700_2021_June_ER.pdf,https://pastpapers.papacambridge.com/directories/CAIE/CAIE-pastpapers/upload/9700_s21_er.pdf,Public archive URL pattern based on PapaCambridge examiner-report PDFs.
A_Level,Biology,9700,2021,November,9700_2021_November_ER.pdf,https://pastpapers.papacambridge.com/directories/CAIE/CAIE-pastpapers/upload/9700_w21_er.pdf,Public archive URL pattern based on PapaCambridge examiner-report PDFs.
A_Level,Biology,9700,2022,March,9700_2022_March_ER.pdf,https://pastpapers.papacambridge.com/directories/CAIE/CAIE-pastpapers/upload/9700_m22_er.pdf,Public archive URL pattern based on PapaCambridge examiner-report PDFs.
A_Level,Biology,9700,2022,June,9700_2022_June_ER.pdf,https://pastpapers.papacambridge.com/directories/CAIE/CAIE-pastpapers/upload/9700_s22_er.pdf,Public archive URL pattern based on PapaCambridge examiner-report PDFs.
A_Level,Biology,9700,2022,November,9700_2022_November_ER.pdf,https://pastpapers.papacambridge.com/directories/CAIE/CAIE-pastpapers/upload/9700_w22_er.pdf,Public archive URL pattern based on PapaCambridge examiner-report PDFs.
A_Level,Biology,9700,2023,March,9700_2023_March_ER.pdf,https://pastpapers.papacambridge.com/directories/CAIE/CAIE-pastpapers/upload/9700_m23_er.pdf,Public archive URL pattern based on PapaCambridge examiner-report PDFs.
A_Level,Biology,9700,2023,June,9700_2023_June_ER.pdf,https://pastpapers.papacambridge.com/directories/CAIE/CAIE-pastpapers/upload/9700_s23_er.pdf,Public archive URL pattern based on PapaCambridge examiner-report PDFs.
A_Level,Biology,9700,2023,November,9700_2023_November_ER.pdf,https://pastpapers.papacambridge.com/directories/CAIE/CAIE-pastpapers/upload/9700_w23_er.pdf,Public archive URL pattern based on PapaCambridge examiner-report PDFs.
A_Level,Biology,9700,2024,March,9700_2024_March_ER.pdf,https://pastpapers.papacambridge.com/directories/CAIE/CAIE-pastpapers/upload/9700_m24_er.pdf,Public archive URL pattern based on PapaCambridge examiner-report PDFs.
A_Level,Biology,9700,2024,June,9700_2024_June_ER.pdf,https://pastpapers.papacambridge.com/directories/CAIE/CAIE-pastpapers/upload/9700_s24_er.pdf,Public archive URL pattern based on PapaCambridge examiner-report PDFs.
A_Level,Biology,9700,2024,November,9700_2024_November_ER.pdf,https://pastpapers.papacambridge.com/directories/CAIE/CAIE-pastpapers/upload/9700_w24_er.pdf,Public archive URL pattern based on PapaCambridge examiner-report PDFs.
A_Level,Biology,9700,2025,March,9700_2025_March_ER.pdf,https://pastpapers.papacambridge.com/directories/CAIE/CAIE-pastpapers/upload/9700_m25_er.pdf,Public archive URL pattern based on PapaCambridge examiner-report PDFs.
A_Level,Biology,9700,2025,June,9700_2025_June_ER.pdf,https://pastpapers.papacambridge.com/directories/CAIE/CAIE-pastpapers/upload/9700_s25_er.pdf,Public archive URL pattern based on PapaCambridge examiner-report PDFs.
A_Level,Biology,9700,2025,November,9700_2025_November_ER.pdf,https://pastpapers.papacambridge.com/directories/CAIE/CAIE-pastpapers/upload/9700_w25_er.pdf,Public archive URL pattern based on PapaCambridge examiner-report PDFs.
A_Level,Business,9609,2021,March,9609_2021_March_ER.pdf,https://pastpapers.papacambridge.com/directories/CAIE/CAIE-pastpapers/upload/9609_m21_er.pdf,Public archive URL pattern based on PapaCambridge examiner-report PDFs.
A_Level,Business,9609,2021,June,9609_2021_June_ER.pdf,https://pastpapers.papacambridge.com/directories/CAIE/CAIE-pastpapers/upload/9609_s21_er.pdf,Public archive URL pattern based on PapaCambridge examiner-report PDFs.
A_Level,Business,9609,2021,November,9609_2021_November_ER.pdf,https://pastpapers.papacambridge.com/directories/CAIE/CAIE-pastpapers/upload/9609_w21_er.pdf,Public archive URL pattern based on PapaCambridge examiner-report PDFs.
A_Level,Business,9609,2022,March,9609_2022_March_ER.pdf,https://pastpapers.papacambridge.com/directories/CAIE/CAIE-pastpapers/upload/9609_m22_er.pdf,Public archive URL pattern based on PapaCambridge examiner-report PDFs.
A_Level,Business,9609,2022,June,9609_2022_June_ER.pdf,https://pastpapers.papacambridge.com/directories/CAIE/CAIE-pastpapers/upload/9609_s22_er.pdf,Public archive URL pattern based on PapaCambridge examiner-report PDFs.
A_Level,Business,9609,2022,November,9609_2022_November_ER.pdf,https://pastpapers.papacambridge.com/directories/CAIE/CAIE-pastpapers/upload/9609_w22_er.pdf,Public archive URL pattern based on PapaCambridge examiner-report PDFs.
A_Level,Business,9609,2023,March,9609_2023_March_ER.pdf,https://pastpapers.papacambridge.com/directories/CAIE/CAIE-pastpapers/upload/9609_m23_er.pdf,Public archive URL pattern based on PapaCambridge examiner-report PDFs.
A_Level,Business,9609,2023,June,9609_2023_June_ER.pdf,https://pastpapers.papacambridge.com/directories/CAIE/CAIE-pastpapers/upload/9609_s23_er.pdf,Public archive URL pattern based on PapaCambridge examiner-report PDFs.
A_Level,Business,9609,2023,November,9609_2023_November_ER.pdf,https://pastpapers.papacambridge.com/directories/CAIE/CAIE-pastpapers/upload/9609_w23_er.pdf,Public archive URL pattern based on PapaCambridge examiner-report PDFs.
A_Level,Business,9609,2024,March,9609_2024_March_ER.pdf,https://pastpapers.papacambridge.com/directories/CAIE/CAIE-pastpapers/upload/9609_m24_er.pdf,Public archive URL pattern based on PapaCambridge examiner-report PDFs.
A_Level,Business,9609,2024,June,9609_2024_June_ER.pdf,https://pastpapers.papacambridge.com/directories/CAIE/CAIE-pastpapers/upload/9609_s24_er.pdf,Public archive URL pattern based on PapaCambridge examiner-report PDFs.
A_Level,Business,9609,2024,November,9609_2024_November_ER.pdf,https://pastpapers.papacambridge.com/directories/CAIE/CAIE-pastpapers/upload/9609_w24_er.pdf,Public archive URL pattern based on PapaCambridge examiner-report PDFs.
A_Level,Business,9609,2025,March,9609_2025_March_ER.pdf,https://pastpapers.papacambridge.com/directories/CAIE/CAIE-pastpapers/upload/9609_m25_er.pdf,Public archive URL pattern based on PapaCambridge examiner-report PDFs.
A_Level,Business,9609,2025,June,9609_2025_June_ER.pdf,https://pastpapers.papacambridge.com/directories/CAIE/CAIE-pastpapers/upload/9609_s25_er.pdf,Public archive URL pattern based on PapaCambridge examiner-report PDFs.
A_Level,Business,9609,2025,November,9609_2025_November_ER.pdf,https://pastpapers.papacambridge.com/directories/CAIE/CAIE-pastpapers/upload/9609_w25_er.pdf,Public archive URL pattern based on PapaCambridge examiner-report PDFs.
A_Level,Chemistry,9701,2021,March,9701_2021_March_ER.pdf,https://pastpapers.papacambridge.com/directories/CAIE/CAIE-pastpapers/upload/9701_m21_er.pdf,Public archive URL pattern based on PapaCambridge examiner-report PDFs.
A_Level,Chemistry,9701,2021,June,9701_2021_June_ER.pdf,https://pastpapers.papacambridge.com/directories/CAIE/CAIE-pastpapers/upload/9701_s21_er.pdf,Public archive URL pattern based on PapaCambridge examiner-report PDFs.
A_Level,Chemistry,9701,2021,November,9701_2021_November_ER.pdf,https://pastpapers.papacambridge.com/directories/CAIE/CAIE-pastpapers/upload/9701_w21_er.pdf,Public archive URL pattern based on PapaCambridge examiner-report PDFs.
A_Level,Chemistry,9701,2022,March,9701_2022_March_ER.pdf,https://pastpapers.papacambridge.com/directories/CAIE/CAIE-pastpapers/upload/9701_m22_er.pdf,Public archive URL pattern based on PapaCambridge examiner-report PDFs.
A_Level,Chemistry,9701,2022,June,9701_2022_June_ER.pdf,https://pastpapers.papacambridge.com/directories/CAIE/CAIE-pastpapers/upload/9701_s22_er.pdf,Public archive URL pattern based on PapaCambridge examiner-report PDFs.
A_Level,Chemistry,9701,2022,November,9701_2022_November_ER.pdf,https://pastpapers.papacambridge.com/directories/CAIE/CAIE-pastpapers/upload/9701_w22_er.pdf,Public archive URL pattern based on PapaCambridge examiner-report PDFs.
A_Level,Chemistry,9701,2023,March,9701_2023_March_ER.pdf,https://pastpapers.papacambridge.com/directories/CAIE/CAIE-pastpapers/upload/9701_m23_er.pdf,Public archive URL pattern based on PapaCambridge examiner-report PDFs.
A_Level,Chemistry,9701,2023,June,9701_2023_June_ER.pdf,https://pastpapers.papacambridge.com/directories/CAIE/CAIE-pastpapers/upload/9701_s23_er.pdf,Public archive URL pattern based on PapaCambridge examiner-report PDFs.
A_Level,Chemistry,9701,2023,November,9701_2023_November_ER.pdf,https://pastpapers.papacambridge.com/directories/CAIE/CAIE-pastpapers/upload/9701_w23_er.pdf,Public archive URL pattern based on PapaCambridge examiner-report PDFs.
A_Level,Chemistry,9701,2024,March,9701_2024_March_ER.pdf,https://pastpapers.papacambridge.com/directories/CAIE/CAIE-pastpapers/upload/9701_m24_er.pdf,Public archive URL pattern based on PapaCambridge examiner-report PDFs.
A_Level,Chemistry,9701,2024,June,9701_2024_June_ER.pdf,https://pastpapers.papacambridge.com/directories/CAIE/CAIE-pastpapers/upload/9701_s24_er.pdf,Public archive URL pattern based on PapaCambridge examiner-report PDFs.
A_Level,Chemistry,9701,2024,November,9701_2024_November_ER.pdf,https://pastpapers.papacambridge.com/directories/CAIE/CAIE-pastpapers/upload/9701_w24_er.pdf,Public archive URL pattern based on PapaCambridge examiner-report PDFs.
A_Level,Chemistry,9701,2025,March,9701_2025_March_ER.pdf,https://pastpapers.papacambridge.com/directories/CAIE/CAIE-pastpapers/upload/9701_m25_er.pdf,Public archive URL pattern based on PapaCambridge examiner-report PDFs.
A_Level,Chemistry,9701,2025,June,9701_2025_June_ER.pdf,https://pastpapers.papacambridge.com/directories/CAIE/CAIE-pastpapers/upload/9701_s25_er.pdf,Public archive URL pattern based on PapaCambridge examiner-report PDFs.
A_Level,Chemistry,9701,2025,November,9701_2025_November_ER.pdf,https://pastpapers.papacambridge.com/directories/CAIE/CAIE-pastpapers/upload/9701_w25_er.pdf,Public archive URL pattern based on PapaCambridge examiner-report PDFs.
A_Level,Computer Science,9618,2021,March,9618_2021_March_ER.pdf,https://pastpapers.papacambridge.com/directories/CAIE/CAIE-pastpapers/upload/9618_m21_er.pdf,Public archive URL pattern based on PapaCambridge examiner-report PDFs.
A_Level,Computer Science,9618,2021,June,9618_2021_June_ER.pdf,https://pastpapers.papacambridge.com/directories/CAIE/CAIE-pastpapers/upload/9618_s21_er.pdf,Public archive URL pattern based on PapaCambridge examiner-report PDFs.
A_Level,Computer Science,9618,2021,November,9618_2021_November_ER.pdf,https://pastpapers.papacambridge.com/directories/CAIE/CAIE-pastpapers/upload/9618_w21_er.pdf,Public archive URL pattern based on PapaCambridge examiner-report PDFs.
A_Level,Computer Science,9618,2022,March,9618_2022_March_ER.pdf,https://pastpapers.papacambridge.com/directories/CAIE/CAIE-pastpapers/upload/9618_m22_er.pdf,Public archive URL pattern based on PapaCambridge examiner-report PDFs.
A_Level,Computer Science,9618,2022,June,9618_2022_June_ER.pdf,https://pastpapers.papacambridge.com/directories/CAIE/CAIE-pastpapers/upload/9618_s22_er.pdf,Public archive URL pattern based on PapaCambridge examiner-report PDFs.
A_Level,Computer Science,9618,2022,November,9618_2022_November_ER.pdf,https://pastpapers.papacambridge.com/directories/CAIE/CAIE-pastpapers/upload/9618_w22_er.pdf,Public archive URL pattern based on PapaCambridge examiner-report PDFs.
A_Level,Computer Science,9618,2023,March,9618_2023_March_ER.pdf,https://pastpapers.papacambridge.com/directories/CAIE/CAIE-pastpapers/upload/9618_m23_er.pdf,Public archive URL pattern based on PapaCambridge examiner-report PDFs.
A_Level,Computer Science,9618,2023,June,9618_2023_June_ER.pdf,https://pastpapers.papacambridge.com/directories/CAIE/CAIE-pastpapers/upload/9618_s23_er.pdf,Public archive URL pattern based on PapaCambridge examiner-report PDFs.
A_Level,Computer Science,9618,2023,November,9618_2023_November_ER.pdf,https://pastpapers.papacambridge.com/directories/CAIE/CAIE-pastpapers/upload/9618_w23_er.pdf,Public archive URL pattern based on PapaCambridge examiner-report PDFs.
A_Level,Computer Science,9618,2024,March,9618_2024_March_ER.pdf,https://pastpapers.papacambridge.com/directories/CAIE/CAIE-pastpapers/upload/9618_m24_er.pdf,Public archive URL pattern based on PapaCambridge examiner-report PDFs.
A_Level,Computer Science,9618,2024,June,9618_2024_June_ER.pdf,https://pastpapers.papacambridge.com/directories/CAIE/CAIE-pastpapers/upload/9618_s24_er.pdf,Public archive URL pattern based on PapaCambridge examiner-report PDFs.
A_Level,Computer Science,9618,2024,November,9618_2024_November_ER.pdf,https://pastpapers.papacambridge.com/directories/CAIE/CAIE-pastpapers/upload/9618_w24_er.pdf,Public archive URL pattern based on PapaCambridge examiner-report PDFs.
A_Level,Computer Science,9618,2025,March,9618_2025_March_ER.pdf,https://pastpapers.papacambridge.com/directories/CAIE/CAIE-pastpapers/upload/9618_m25_er.pdf,Public archive URL pattern based on PapaCambridge examiner-report PDFs.
A_Level,Computer Science,9618,2025,June,9618_2025_June_ER.pdf,https://pastpapers.papacambridge.com/directories/CAIE/CAIE-pastpapers/upload/9618_s25_er.pdf,Public archive URL pattern based on PapaCambridge examiner-report PDFs.
A_Level,Computer Science,9618,2025,November,9618_2025_November_ER.pdf,https://pastpapers.papacambridge.com/directories/CAIE/CAIE-pastpapers/upload/9618_w25_er.pdf,Public archive URL pattern based on PapaCambridge examiner-report PDFs.
A_Level,Design and Technology,9705,2021,March,9705_2021_March_ER.pdf,https://pastpapers.papacambridge.com/directories/CAIE/CAIE-pastpapers/upload/9705_m21_er.pdf,Public archive URL pattern based on PapaCambridge examiner-report PDFs.
A_Level,Design and Technology,9705,2021,June,9705_2021_June_ER.pdf,https://pastpapers.papacambridge.com/directories/CAIE/CAIE-pastpapers/upload/9705_s21_er.pdf,Public archive URL pattern based on PapaCambridge examiner-report PDFs.
A_Level,Design and Technology,9705,2021,November,9705_2021_November_ER.pdf,https://pastpapers.papacambridge.com/directories/CAIE/CAIE-pastpapers/upload/9705_w21_er.pdf,Public archive URL pattern based on PapaCambridge examiner-report PDFs.
A_Level,Design and Technology,9705,2022,March,9705_2022_March_ER.pdf,https://pastpapers.papacambridge.com/directories/CAIE/CAIE-pastpapers/upload/9705_m22_er.pdf,Public archive URL pattern based on PapaCambridge examiner-report PDFs.
A_Level,Design and Technology,9705,2022,June,9705_2022_June_ER.pdf,https://pastpapers.papacambridge.com/directories/CAIE/CAIE-pastpapers/upload/9705_s22_er.pdf,Public archive URL pattern based on PapaCambridge examiner-report PDFs.
A_Level,Design and Technology,9705,2022,November,9705_2022_November_ER.pdf,https://pastpapers.papacambridge.com/directories/CAIE/CAIE-pastpapers/upload/9705_w22_er.pdf,Public archive URL pattern based on PapaCambridge examiner-report PDFs.
A_Level,Design and Technology,9705,2023,March,9705_2023_March_ER.pdf,https://pastpapers.papacambridge.com/directories/CAIE/CAIE-pastpapers/upload/9705_m23_er.pdf,Public archive URL pattern based on PapaCambridge examiner-report PDFs.
A_Level,Design and Technology,9705,2023,June,9705_2023_June_ER.pdf,https://pastpapers.papacambridge.com/directories/CAIE/CAIE-pastpapers/upload/9705_s23_er.pdf,Public archive URL pattern based on PapaCambridge examiner-report PDFs.
A_Level,Design and Technology,9705,2023,November,9705_2023_November_ER.pdf,https://pastpapers.papacambridge.com/directories/CAIE/CAIE-pastpapers/upload/9705_w23_er.pdf,Public archive URL pattern based on PapaCambridge examiner-report PDFs.
A_Level,Design and Technology,9705,2024,March,9705_2024_March_ER.pdf,https://pastpapers.papacambridge.com/directories/CAIE/CAIE-pastpapers/upload/9705_m24_er.pdf,Public archive URL pattern based on PapaCambridge examiner-report PDFs.
A_Level,Design and Technology,9705,2024,June,9705_2024_June_ER.pdf,https://pastpapers.papacambridge.com/directories/CAIE/CAIE-pastpapers/upload/9705_s24_er.pdf,Public archive URL pattern based on PapaCambridge examiner-report PDFs.
A_Level,Design and Technology,9705,2024,November,9705_2024_November_ER.pdf,https://pastpapers.papacambridge.com/directories/CAIE/CAIE-pastpapers/upload/9705_w24_er.pdf,Public archive URL pattern based on PapaCambridge examiner-report PDFs.
A_Level,Design and Technology,9705,2025,March,9705_2025_March_ER.pdf,https://pastpapers.papacambridge.com/directories/CAIE/CAIE-pastpapers/upload/9705_m25_er.pdf,Public archive URL pattern based on PapaCambridge examiner-report PDFs.
A_Level,Design and Technology,9705,2025,June,9705_2025_June_ER.pdf,https://pastpapers.papacambridge.com/directories/CAIE/CAIE-pastpapers/upload/9705_s25_er.pdf,Public archive URL pattern based on PapaCambridge examiner-report PDFs.
A_Level,Design and Technology,9705,2025,November,9705_2025_November_ER.pdf,https://pastpapers.papacambridge.com/directories/CAIE/CAIE-pastpapers/upload/9705_w25_er.pdf,Public archive URL pattern based on PapaCambridge examiner-report PDFs.
A_Level,Economics,9708,2021,March,9708_2021_March_ER.pdf,https://pastpapers.papacambridge.com/directories/CAIE/CAIE-pastpapers/upload/9708_m21_er.pdf,Public archive URL pattern based on PapaCambridge examiner-report PDFs.
A_Level,Economics,9708,2021,June,9708_2021_June_ER.pdf,https://pastpapers.papacambridge.com/directories/CAIE/CAIE-pastpapers/upload/9708_s21_er.pdf,Public archive URL pattern based on PapaCambridge examiner-report PDFs.
A_Level,Economics,9708,2021,November,9708_2021_November_ER.pdf,https://pastpapers.papacambridge.com/directories/CAIE/CAIE-pastpapers/upload/9708_w21_er.pdf,Public archive URL pattern based on PapaCambridge examiner-report PDFs.
A_Level,Economics,9708,2022,March,9708_2022_March_ER.pdf,https://pastpapers.papacambridge.com/directories/CAIE/CAIE-pastpapers/upload/9708_m22_er.pdf,Public archive URL pattern based on PapaCambridge examiner-report PDFs.
A_Level,Economics,9708,2022,June,9708_2022_June_ER.pdf,https://pastpapers.papacambridge.com/directories/CAIE/CAIE-pastpapers/upload/9708_s22_er.pdf,Public archive URL pattern based on PapaCambridge examiner-report PDFs.
A_Level,Economics,9708,2022,November,9708_2022_November_ER.pdf,https://pastpapers.papacambridge.com/directories/CAIE/CAIE-pastpapers/upload/9708_w22_er.pdf,Public archive URL pattern based on PapaCambridge examiner-report PDFs.
A_Level,Economics,9708,2023,March,9708_2023_March_ER.pdf,https://pastpapers.papacambridge.com/directories/CAIE/CAIE-pastpapers/upload/9708_m23_er.pdf,Public archive URL pattern based on PapaCambridge examiner-report PDFs.
A_Level,Economics,9708,2023,June,9708_2023_June_ER.pdf,https://pastpapers.papacambridge.com/directories/CAIE/CAIE-pastpapers/upload/9708_s23_er.pdf,Public archive URL pattern based on PapaCambridge examiner-report PDFs.
A_Level,Economics,9708,2023,November,9708_2023_November_ER.pdf,https://pastpapers.papacambridge.com/directories/CAIE/CAIE-pastpapers/upload/9708_w23_er.pdf,Public archive URL pattern based on PapaCambridge examiner-report PDFs.
A_Level,Economics,9708,2024,March,9708_2024_March_ER.pdf,https://pastpapers.papacambridge.com/directories/CAIE/CAIE-pastpapers/upload/9708_m24_er.pdf,Public archive URL pattern based on PapaCambridge examiner-report PDFs.
A_Level,Economics,9708,2024,June,9708_2024_June_ER.pdf,https://pastpapers.papacambridge.com/directories/CAIE/CAIE-pastpapers/upload/9708_s24_er.pdf,Public archive URL pattern based on PapaCambridge examiner-report PDFs.
A_Level,Economics,9708,2024,November,9708_2024_November_ER.pdf,https://pastpapers.papacambridge.com/directories/CAIE/CAIE-pastpapers/upload/9708_w24_er.pdf,Public archive URL pattern based on PapaCambridge examiner-report PDFs.
A_Level,Economics,9708,2025,March,9708_2025_March_ER.pdf,https://pastpapers.papacambridge.com/directories/CAIE/CAIE-pastpapers/upload/9708_m25_er.pdf,Public archive URL pattern based on PapaCambridge examiner-report PDFs.
A_Level,Economics,9708,2025,June,9708_2025_June_ER.pdf,https://pastpapers.papacambridge.com/directories/CAIE/CAIE-pastpapers/upload/9708_s25_er.pdf,Public archive URL pattern based on PapaCambridge examiner-report PDFs.
A_Level,Economics,9708,2025,November,9708_2025_November_ER.pdf,https://pastpapers.papacambridge.com/directories/CAIE/CAIE-pastpapers/upload/9708_w25_er.pdf,Public archive URL pattern based on PapaCambridge examiner-report PDFs.
A_Level,English Language,9093,2021,March,9093_2021_March_ER.pdf,https://pastpapers.papacambridge.com/directories/CAIE/CAIE-pastpapers/upload/9093_m21_er.pdf,Public archive URL pattern based on PapaCambridge examiner-report PDFs.
A_Level,English Language,9093,2021,June,9093_2021_June_ER.pdf,https://pastpapers.papacambridge.com/directories/CAIE/CAIE-pastpapers/upload/9093_s21_er.pdf,Public archive URL pattern based on PapaCambridge examiner-report PDFs.
A_Level,English Language,9093,2021,November,9093_2021_November_ER.pdf,https://pastpapers.papacambridge.com/directories/CAIE/CAIE-pastpapers/upload/9093_w21_er.pdf,Public archive URL pattern based on PapaCambridge examiner-report PDFs.
A_Level,English Language,9093,2022,March,9093_2022_March_ER.pdf,https://pastpapers.papacambridge.com/directories/CAIE/CAIE-pastpapers/upload/9093_m22_er.pdf,Public archive URL pattern based on PapaCambridge examiner-report PDFs.
A_Level,English Language,9093,2022,June,9093_2022_June_ER.pdf,https://pastpapers.papacambridge.com/directories/CAIE/CAIE-pastpapers/upload/9093_s22_er.pdf,Public archive URL pattern based on PapaCambridge examiner-report PDFs.
A_Level,English Language,9093,2022,November,9093_2022_November_ER.pdf,https://pastpapers.papacambridge.com/directories/CAIE/CAIE-pastpapers/upload/9093_w22_er.pdf,Public archive URL pattern based on PapaCambridge examiner-report PDFs.
A_Level,English Language,9093,2023,March,9093_2023_March_ER.pdf,https://pastpapers.papacambridge.com/directories/CAIE/CAIE-pastpapers/upload/9093_m23_er.pdf,Public archive URL pattern based on PapaCambridge examiner-report PDFs.
A_Level,English Language,9093,2023,June,9093_2023_June_ER.pdf,https://pastpapers.papacambridge.com/directories/CAIE/CAIE-pastpapers/upload/9093_s23_er.pdf,Public archive URL pattern based on PapaCambridge examiner-report PDFs.
A_Level,English Language,9093,2023,November,9093_2023_November_ER.pdf,https://pastpapers.papacambridge.com/directories/CAIE/CAIE-pastpapers/upload/9093_w23_er.pdf,Public archive URL pattern based on PapaCambridge examiner-report PDFs.
A_Level,English Language,9093,2024,March,9093_2024_March_ER.pdf,https://pastpapers.papacambridge.com/directories/CAIE/CAIE-pastpapers/upload/9093_m24_er.pdf,Public archive URL pattern based on PapaCambridge examiner-report PDFs.
A_Level,English Language,9093,2024,June,9093_2024_June_ER.pdf,https://pastpapers.papacambridge.com/directories/CAIE/CAIE-pastpapers/upload/9093_s24_er.pdf,Public archive URL pattern based on PapaCambridge examiner-report PDFs.
A_Level,English Language,9093,2024,November,9093_2024_November_ER.pdf,https://pastpapers.papacambridge.com/directories/CAIE/CAIE-pastpapers/upload/9093_w24_er.pdf,Public archive URL pattern based on PapaCambridge examiner-report PDFs.
A_Level,English Language,9093,2025,March,9093_2025_March_ER.pdf,https://pastpapers.papacambridge.com/directories/CAIE/CAIE-pastpapers/upload/9093_m25_er.pdf,Public archive URL pattern based on PapaCambridge examiner-report PDFs.
A_Level,English Language,9093,2025,June,9093_2025_June_ER.pdf,https://pastpapers.papacambridge.com/directories/CAIE/CAIE-pastpapers/upload/9093_s25_er.pdf,Public archive URL pattern based on PapaCambridge examiner-report PDFs.
A_Level,English Language,9093,2025,November,9093_2025_November_ER.pdf,https://pastpapers.papacambridge.com/directories/CAIE/CAIE-pastpapers/upload/9093_w25_er.pdf,Public archive URL pattern based on PapaCambridge examiner-report PDFs.
A_Level,French,9898,2021,March,9898_2021_March_ER.pdf,https://pastpapers.papacambridge.com/directories/CAIE/CAIE-pastpapers/upload/9898_m21_er.pdf,Public archive URL pattern based on PapaCambridge examiner-report PDFs.
A_Level,French,9898,2021,June,9898_2021_June_ER.pdf,https://pastpapers.papacambridge.com/directories/CAIE/CAIE-pastpapers/upload/9898_s21_er.pdf,Public archive URL pattern based on PapaCambridge examiner-report PDFs.
A_Level,French,9898,2021,November,9898_2021_November_ER.pdf,https://pastpapers.papacambridge.com/directories/CAIE/CAIE-pastpapers/upload/9898_w21_er.pdf,Public archive URL pattern based on PapaCambridge examiner-report PDFs.
A_Level,French,9898,2022,March,9898_2022_March_ER.pdf,https://pastpapers.papacambridge.com/directories/CAIE/CAIE-pastpapers/upload/9898_m22_er.pdf,Public archive URL pattern based on PapaCambridge examiner-report PDFs.
A_Level,French,9898,2022,June,9898_2022_June_ER.pdf,https://pastpapers.papacambridge.com/directories/CAIE/CAIE-pastpapers/upload/9898_s22_er.pdf,Public archive URL pattern based on PapaCambridge examiner-report PDFs.
A_Level,French,9898,2022,November,9898_2022_November_ER.pdf,https://pastpapers.papacambridge.com/directories/CAIE/CAIE-pastpapers/upload/9898_w22_er.pdf,Public archive URL pattern based on PapaCambridge examiner-report PDFs.
A_Level,French,9898,2023,March,9898_2023_March_ER.pdf,https://pastpapers.papacambridge.com/directories/CAIE/CAIE-pastpapers/upload/9898_m23_er.pdf,Public archive URL pattern based on PapaCambridge examiner-report PDFs.
A_Level,French,9898,2023,June,9898_2023_June_ER.pdf,https://pastpapers.papacambridge.com/directories/CAIE/CAIE-pastpapers/upload/9898_s23_er.pdf,Public archive URL pattern based on PapaCambridge examiner-report PDFs.
A_Level,French,9898,2023,November,9898_2023_November_ER.pdf,https://pastpapers.papacambridge.com/directories/CAIE/CAIE-pastpapers/upload/9898_w23_er.pdf,Public archive URL pattern based on PapaCambridge examiner-report PDFs.
A_Level,French,9898,2024,March,9898_2024_March_ER.pdf,https://pastpapers.papacambridge.com/directories/CAIE/CAIE-pastpapers/upload/9898_m24_er.pdf,Public archive URL pattern based on PapaCambridge examiner-report PDFs.
A_Level,French,9898,2024,June,9898_2024_June_ER.pdf,https://pastpapers.papacambridge.com/directories/CAIE/CAIE-pastpapers/upload/9898_s24_er.pdf,Public archive URL pattern based on PapaCambridge examiner-report PDFs.
A_Level,French,9898,2024,November,9898_2024_November_ER.pdf,https://pastpapers.papacambridge.com/directories/CAIE/CAIE-pastpapers/upload/9898_w24_er.pdf,Public archive URL pattern based on PapaCambridge examiner-report PDFs.
A_Level,French,9898,2025,March,9898_2025_March_ER.pdf,https://pastpapers.papacambridge.com/directories/CAIE/CAIE-pastpapers/upload/9898_m25_er.pdf,Public archive URL pattern based on PapaCambridge examiner-report PDFs.
A_Level,French,9898,2025,June,9898_2025_June_ER.pdf,https://pastpapers.papacambridge.com/directories/CAIE/CAIE-pastpapers/upload/9898_s25_er.pdf,Public archive URL pattern based on PapaCambridge examiner-report PDFs.
A_Level,French,9898,2025,November,9898_2025_November_ER.pdf,https://pastpapers.papacambridge.com/directories/CAIE/CAIE-pastpapers/upload/9898_w25_er.pdf,Public archive URL pattern based on PapaCambridge examiner-report PDFs.
A_Level,Geography,9696,2021,March,9696_2021_March_ER.pdf,https://pastpapers.papacambridge.com/directories/CAIE/CAIE-pastpapers/upload/9696_m21_er.pdf,Public archive URL pattern based on PapaCambridge examiner-report PDFs.
A_Level,Geography,9696,2021,June,9696_2021_June_ER.pdf,https://pastpapers.papacambridge.com/directories/CAIE/CAIE-pastpapers/upload/9696_s21_er.pdf,Public archive URL pattern based on PapaCambridge examiner-report PDFs.
A_Level,Geography,9696,2021,November,9696_2021_November_ER.pdf,https://pastpapers.papacambridge.com/directories/CAIE/CAIE-pastpapers/upload/9696_w21_er.pdf,Public archive URL pattern based on PapaCambridge examiner-report PDFs.
A_Level,Geography,9696,2022,March,9696_2022_March_ER.pdf,https://pastpapers.papacambridge.com/directories/CAIE/CAIE-pastpapers/upload/9696_m22_er.pdf,Public archive URL pattern based on PapaCambridge examiner-report PDFs.
A_Level,Geography,9696,2022,June,9696_2022_June_ER.pdf,https://pastpapers.papacambridge.com/directories/CAIE/CAIE-pastpapers/upload/9696_s22_er.pdf,Public archive URL pattern based on PapaCambridge examiner-report PDFs.
A_Level,Geography,9696,2022,November,9696_2022_November_ER.pdf,https://pastpapers.papacambridge.com/directories/CAIE/CAIE-pastpapers/upload/9696_w22_er.pdf,Public archive URL pattern based on PapaCambridge examiner-report PDFs.
A_Level,Geography,9696,2023,March,9696_2023_March_ER.pdf,https://pastpapers.papacambridge.com/directories/CAIE/CAIE-pastpapers/upload/9696_m23_er.pdf,Public archive URL pattern based on PapaCambridge examiner-report PDFs.
A_Level,Geography,9696,2023,June,9696_2023_June_ER.pdf,https://pastpapers.papacambridge.com/directories/CAIE/CAIE-pastpapers/upload/9696_s23_er.pdf,Public archive URL pattern based on PapaCambridge examiner-report PDFs.
A_Level,Geography,9696,2023,November,9696_2023_November_ER.pdf,https://pastpapers.papacambridge.com/directories/CAIE/CAIE-pastpapers/upload/9696_w23_er.pdf,Public archive URL pattern based on PapaCambridge examiner-report PDFs.
A_Level,Geography,9696,2024,March,9696_2024_March_ER.pdf,https://pastpapers.papacambridge.com/directories/CAIE/CAIE-pastpapers/upload/9696_m24_er.pdf,Public archive URL pattern based on PapaCambridge examiner-report PDFs.
A_Level,Geography,9696,2024,June,9696_2024_June_ER.pdf,https://pastpapers.papacambridge.com/directories/CAIE/CAIE-pastpapers/upload/9696_s24_er.pdf,Public archive URL pattern based on PapaCambridge examiner-report PDFs.
A_Level,Geography,9696,2024,November,9696_2024_November_ER.pdf,https://pastpapers.papacambridge.com/directories/CAIE/CAIE-pastpapers/upload/9696_w24_er.pdf,Public archive URL pattern based on PapaCambridge examiner-report PDFs.
A_Level,Geography,9696,2025,March,9696_2025_March_ER.pdf,https://pastpapers.papacambridge.com/directories/CAIE/CAIE-pastpapers/upload/9696_m25_er.pdf,Public archive URL pattern based on PapaCambridge examiner-report PDFs.
A_Level,Geography,9696,2025,June,9696_2025_June_ER.pdf,https://pastpapers.papacambridge.com/directories/CAIE/CAIE-pastpapers/upload/9696_s25_er.pdf,Public archive URL pattern based on PapaCambridge examiner-report PDFs.
A_Level,Geography,9696,2025,November,9696_2025_November_ER.pdf,https://pastpapers.papacambridge.com/directories/CAIE/CAIE-pastpapers/upload/9696_w25_er.pdf,Public archive URL pattern based on PapaCambridge examiner-report PDFs.
A_Level,History,9489,2021,March,9489_2021_March_ER.pdf,https://pastpapers.papacambridge.com/directories/CAIE/CAIE-pastpapers/upload/9489_m21_er.pdf,Public archive URL pattern based on PapaCambridge examiner-report PDFs.
A_Level,History,9489,2021,June,9489_2021_June_ER.pdf,https://pastpapers.papacambridge.com/directories/CAIE/CAIE-pastpapers/upload/9489_s21_er.pdf,Public archive URL pattern based on PapaCambridge examiner-report PDFs.
A_Level,History,9489,2021,November,9489_2021_November_ER.pdf,https://pastpapers.papacambridge.com/directories/CAIE/CAIE-pastpapers/upload/9489_w21_er.pdf,Public archive URL pattern based on PapaCambridge examiner-report PDFs.
A_Level,History,9489,2022,March,9489_2022_March_ER.pdf,https://pastpapers.papacambridge.com/directories/CAIE/CAIE-pastpapers/upload/9489_m22_er.pdf,Public archive URL pattern based on PapaCambridge examiner-report PDFs.
A_Level,History,9489,2022,June,9489_2022_June_ER.pdf,https://pastpapers.papacambridge.com/directories/CAIE/CAIE-pastpapers/upload/9489_s22_er.pdf,Public archive URL pattern based on PapaCambridge examiner-report PDFs.
A_Level,History,9489,2022,November,9489_2022_November_ER.pdf,https://pastpapers.papacambridge.com/directories/CAIE/CAIE-pastpapers/upload/9489_w22_er.pdf,Public archive URL pattern based on PapaCambridge examiner-report PDFs.
A_Level,History,9489,2023,March,9489_2023_March_ER.pdf,https://pastpapers.papacambridge.com/directories/CAIE/CAIE-pastpapers/upload/9489_m23_er.pdf,Public archive URL pattern based on PapaCambridge examiner-report PDFs.
A_Level,History,9489,2023,June,9489_2023_June_ER.pdf,https://pastpapers.papacambridge.com/directories/CAIE/CAIE-pastpapers/upload/9489_s23_er.pdf,Public archive URL pattern based on PapaCambridge examiner-report PDFs.
A_Level,History,9489,2023,November,9489_2023_November_ER.pdf,https://pastpapers.papacambridge.com/directories/CAIE/CAIE-pastpapers/upload/9489_w23_er.pdf,Public archive URL pattern based on PapaCambridge examiner-report PDFs.
A_Level,History,9489,2024,March,9489_2024_March_ER.pdf,https://pastpapers.papacambridge.com/directories/CAIE/CAIE-pastpapers/upload/9489_m24_er.pdf,Public archive URL pattern based on PapaCambridge examiner-report PDFs.
A_Level,History,9489,2024,June,9489_2024_June_ER.pdf,https://pastpapers.papacambridge.com/directories/CAIE/CAIE-pastpapers/upload/9489_s24_er.pdf,Public archive URL pattern based on PapaCambridge examiner-report PDFs.
A_Level,History,9489,2024,November,9489_2024_November_ER.pdf,https://pastpapers.papacambridge.com/directories/CAIE/CAIE-pastpapers/upload/9489_w24_er.pdf,Public archive URL pattern based on PapaCambridge examiner-report PDFs.
A_Level,History,9489,2025,March,9489_2025_March_ER.pdf,https://pastpapers.papacambridge.com/directories/CAIE/CAIE-pastpapers/upload/9489_m25_er.pdf,Public archive URL pattern based on PapaCambridge examiner-report PDFs.
A_Level,History,9489,2025,June,9489_2025_June_ER.pdf,https://pastpapers.papacambridge.com/directories/CAIE/CAIE-pastpapers/upload/9489_s25_er.pdf,Public archive URL pattern based on PapaCambridge examiner-report PDFs.
A_Level,History,9489,2025,November,9489_2025_November_ER.pdf,https://pastpapers.papacambridge.com/directories/CAIE/CAIE-pastpapers/upload/9489_w25_er.pdf,Public archive URL pattern based on PapaCambridge examiner-report PDFs.
A_Level,Literature in English,9695,2021,March,9695_2021_March_ER.pdf,https://pastpapers.papacambridge.com/directories/CAIE/CAIE-pastpapers/upload/9695_m21_er.pdf,Public archive URL pattern based on PapaCambridge examiner-report PDFs.
A_Level,Literature in English,9695,2021,June,9695_2021_June_ER.pdf,https://pastpapers.papacambridge.com/directories/CAIE/CAIE-pastpapers/upload/9695_s21_er.pdf,Public archive URL pattern based on PapaCambridge examiner-report PDFs.
A_Level,Literature in English,9695,2021,November,9695_2021_November_ER.pdf,https://pastpapers.papacambridge.com/directories/CAIE/CAIE-pastpapers/upload/9695_w21_er.pdf,Public archive URL pattern based on PapaCambridge examiner-report PDFs.
A_Level,Literature in English,9695,2022,March,9695_2022_March_ER.pdf,https://pastpapers.papacambridge.com/directories/CAIE/CAIE-pastpapers/upload/9695_m22_er.pdf,Public archive URL pattern based on PapaCambridge examiner-report PDFs.
A_Level,Literature in English,9695,2022,June,9695_2022_June_ER.pdf,https://pastpapers.papacambridge.com/directories/CAIE/CAIE-pastpapers/upload/9695_s22_er.pdf,Public archive URL pattern based on PapaCambridge examiner-report PDFs.
A_Level,Literature in English,9695,2022,November,9695_2022_November_ER.pdf,https://pastpapers.papacambridge.com/directories/CAIE/CAIE-pastpapers/upload/9695_w22_er.pdf,Public archive URL pattern based on PapaCambridge examiner-report PDFs.
A_Level,Literature in English,9695,2023,March,9695_2023_March_ER.pdf,https://pastpapers.papacambridge.com/directories/CAIE/CAIE-pastpapers/upload/9695_m23_er.pdf,Public archive URL pattern based on PapaCambridge examiner-report PDFs.
A_Level,Literature in English,9695,2023,June,9695_2023_June_ER.pdf,https://pastpapers.papacambridge.com/directories/CAIE/CAIE-pastpapers/upload/9695_s23_er.pdf,Public archive URL pattern based on PapaCambridge examiner-report PDFs.
A_Level,Literature in English,9695,2023,November,9695_2023_November_ER.pdf,https://pastpapers.papacambridge.com/directories/CAIE/CAIE-pastpapers/upload/9695_w23_er.pdf,Public archive URL pattern based on PapaCambridge examiner-report PDFs.
A_Level,Literature in English,9695,2024,March,9695_2024_March_ER.pdf,https://pastpapers.papacambridge.com/directories/CAIE/CAIE-pastpapers/upload/9695_m24_er.pdf,Public archive URL pattern based on PapaCambridge examiner-report PDFs.
A_Level,Literature in English,9695,2024,June,9695_2024_June_ER.pdf,https://pastpapers.papacambridge.com/directories/CAIE/CAIE-pastpapers/upload/9695_s24_er.pdf,Public archive URL pattern based on PapaCambridge examiner-report PDFs.
A_Level,Literature in English,9695,2024,November,9695_2024_November_ER.pdf,https://pastpapers.papacambridge.com/directories/CAIE/CAIE-pastpapers/upload/9695_w24_er.pdf,Public archive URL pattern based on PapaCambridge examiner-report PDFs.
A_Level,Literature in English,9695,2025,March,9695_2025_March_ER.pdf,https://pastpapers.papacambridge.com/directories/CAIE/CAIE-pastpapers/upload/9695_m25_er.pdf,Public archive URL pattern based on PapaCambridge examiner-report PDFs.
A_Level,Literature in English,9695,2025,June,9695_2025_June_ER.pdf,https://pastpapers.papacambridge.com/directories/CAIE/CAIE-pastpapers/upload/9695_s25_er.pdf,Public archive URL pattern based on PapaCambridge examiner-report PDFs.
A_Level,Literature in English,9695,2025,November,9695_2025_November_ER.pdf,https://pastpapers.papacambridge.com/directories/CAIE/CAIE-pastpapers/upload/9695_w25_er.pdf,Public archive URL pattern based on PapaCambridge examiner-report PDFs.
A_Level,Mathematics / Pure Mathematics / Mechanics / Statistics,9709,2021,March,9709_2021_March_ER.pdf,https://pastpapers.papacambridge.com/directories/CAIE/CAIE-pastpapers/upload/9709_m21_er.pdf,Public archive URL pattern based on PapaCambridge examiner-report PDFs.
A_Level,Mathematics / Pure Mathematics / Mechanics / Statistics,9709,2021,June,9709_2021_June_ER.pdf,https://pastpapers.papacambridge.com/directories/CAIE/CAIE-pastpapers/upload/9709_s21_er.pdf,Public archive URL pattern based on PapaCambridge examiner-report PDFs.
A_Level,Mathematics / Pure Mathematics / Mechanics / Statistics,9709,2021,November,9709_2021_November_ER.pdf,https://pastpapers.papacambridge.com/directories/CAIE/CAIE-pastpapers/upload/9709_w21_er.pdf,Public archive URL pattern based on PapaCambridge examiner-report PDFs.
A_Level,Mathematics / Pure Mathematics / Mechanics / Statistics,9709,2022,March,9709_2022_March_ER.pdf,https://pastpapers.papacambridge.com/directories/CAIE/CAIE-pastpapers/upload/9709_m22_er.pdf,Public archive URL pattern based on PapaCambridge examiner-report PDFs.
A_Level,Mathematics / Pure Mathematics / Mechanics / Statistics,9709,2022,June,9709_2022_June_ER.pdf,https://pastpapers.papacambridge.com/directories/CAIE/CAIE-pastpapers/upload/9709_s22_er.pdf,Public archive URL pattern based on PapaCambridge examiner-report PDFs.
A_Level,Mathematics / Pure Mathematics / Mechanics / Statistics,9709,2022,November,9709_2022_November_ER.pdf,https://pastpapers.papacambridge.com/directories/CAIE/CAIE-pastpapers/upload/9709_w22_er.pdf,Public archive URL pattern based on PapaCambridge examiner-report PDFs.
A_Level,Mathematics / Pure Mathematics / Mechanics / Statistics,9709,2023,March,9709_2023_March_ER.pdf,https://pastpapers.papacambridge.com/directories/CAIE/CAIE-pastpapers/upload/9709_m23_er.pdf,Public archive URL pattern based on PapaCambridge examiner-report PDFs.
A_Level,Mathematics / Pure Mathematics / Mechanics / Statistics,9709,2023,June,9709_2023_June_ER.pdf,https://pastpapers.papacambridge.com/directories/CAIE/CAIE-pastpapers/upload/9709_s23_er.pdf,Public archive URL pattern based on PapaCambridge examiner-report PDFs.
A_Level,Mathematics / Pure Mathematics / Mechanics / Statistics,9709,2023,November,9709_2023_November_ER.pdf,https://pastpapers.papacambridge.com/directories/CAIE/CAIE-pastpapers/upload/9709_w23_er.pdf,Public archive URL pattern based on PapaCambridge examiner-report PDFs.
A_Level,Mathematics / Pure Mathematics / Mechanics / Statistics,9709,2024,March,9709_2024_March_ER.pdf,https://pastpapers.papacambridge.com/directories/CAIE/CAIE-pastpapers/upload/9709_m24_er.pdf,Public archive URL pattern based on PapaCambridge examiner-report PDFs.
A_Level,Mathematics / Pure Mathematics / Mechanics / Statistics,9709,2024,June,9709_2024_June_ER.pdf,https://pastpapers.papacambridge.com/directories/CAIE/CAIE-pastpapers/upload/9709_s24_er.pdf,Public archive URL pattern based on PapaCambridge examiner-report PDFs.
A_Level,Mathematics / Pure Mathematics / Mechanics / Statistics,9709,2024,November,9709_2024_November_ER.pdf,https://pastpapers.papacambridge.com/directories/CAIE/CAIE-pastpapers/upload/9709_w24_er.pdf,Public archive URL pattern based on PapaCambridge examiner-report PDFs.
A_Level,Mathematics / Pure Mathematics / Mechanics / Statistics,9709,2025,March,9709_2025_March_ER.pdf,https://pastpapers.papacambridge.com/directories/CAIE/CAIE-pastpapers/upload/9709_m25_er.pdf,Public archive URL pattern based on PapaCambridge examiner-report PDFs.
A_Level,Mathematics / Pure Mathematics / Mechanics / Statistics,9709,2025,June,9709_2025_June_ER.pdf,https://pastpapers.papacambridge.com/directories/CAIE/CAIE-pastpapers/upload/9709_s25_er.pdf,Public archive URL pattern based on PapaCambridge examiner-report PDFs.
A_Level,Mathematics / Pure Mathematics / Mechanics / Statistics,9709,2025,November,9709_2025_November_ER.pdf,https://pastpapers.papacambridge.com/directories/CAIE/CAIE-pastpapers/upload/9709_w25_er.pdf,Public archive URL pattern based on PapaCambridge examiner-report PDFs.
A_Level,Physics,9702,2021,March,9702_2021_March_ER.pdf,https://pastpapers.papacambridge.com/directories/CAIE/CAIE-pastpapers/upload/9702_m21_er.pdf,Public archive URL pattern based on PapaCambridge examiner-report PDFs.
A_Level,Physics,9702,2021,June,9702_2021_June_ER.pdf,https://pastpapers.papacambridge.com/directories/CAIE/CAIE-pastpapers/upload/9702_s21_er.pdf,Public archive URL pattern based on PapaCambridge examiner-report PDFs.
A_Level,Physics,9702,2021,November,9702_2021_November_ER.pdf,https://pastpapers.papacambridge.com/directories/CAIE/CAIE-pastpapers/upload/9702_w21_er.pdf,Public archive URL pattern based on PapaCambridge examiner-report PDFs.
A_Level,Physics,9702,2022,March,9702_2022_March_ER.pdf,https://pastpapers.papacambridge.com/directories/CAIE/CAIE-pastpapers/upload/9702_m22_er.pdf,Public archive URL pattern based on PapaCambridge examiner-report PDFs.
A_Level,Physics,9702,2022,June,9702_2022_June_ER.pdf,https://pastpapers.papacambridge.com/directories/CAIE/CAIE-pastpapers/upload/9702_s22_er.pdf,Public archive URL pattern based on PapaCambridge examiner-report PDFs.
A_Level,Physics,9702,2022,November,9702_2022_November_ER.pdf,https://pastpapers.papacambridge.com/directories/CAIE/CAIE-pastpapers/upload/9702_w22_er.pdf,Public archive URL pattern based on PapaCambridge examiner-report PDFs.
A_Level,Physics,9702,2023,March,9702_2023_March_ER.pdf,https://pastpapers.papacambridge.com/directories/CAIE/CAIE-pastpapers/upload/9702_m23_er.pdf,Public archive URL pattern based on PapaCambridge examiner-report PDFs.
A_Level,Physics,9702,2023,June,9702_2023_June_ER.pdf,https://pastpapers.papacambridge.com/directories/CAIE/CAIE-pastpapers/upload/9702_s23_er.pdf,Public archive URL pattern based on PapaCambridge examiner-report PDFs.
A_Level,Physics,9702,2023,November,9702_2023_November_ER.pdf,https://pastpapers.papacambridge.com/directories/CAIE/CAIE-pastpapers/upload/9702_w23_er.pdf,Public archive URL pattern based on PapaCambridge examiner-report PDFs.
A_Level,Physics,9702,2024,March,9702_2024_March_ER.pdf,https://pastpapers.papacambridge.com/directories/CAIE/CAIE-pastpapers/upload/9702_m24_er.pdf,Public archive URL pattern based on PapaCambridge examiner-report PDFs.
A_Level,Physics,9702,2024,June,9702_2024_June_ER.pdf,https://pastpapers.papacambridge.com/directories/CAIE/CAIE-pastpapers/upload/9702_s24_er.pdf,Public archive URL pattern based on PapaCambridge examiner-report PDFs.
A_Level,Physics,9702,2024,November,9702_2024_November_ER.pdf,https://pastpapers.papacambridge.com/directories/CAIE/CAIE-pastpapers/upload/9702_w24_er.pdf,Public archive URL pattern based on PapaCambridge examiner-report PDFs.
A_Level,Physics,9702,2025,March,9702_2025_March_ER.pdf,https://pastpapers.papacambridge.com/directories/CAIE/CAIE-pastpapers/upload/9702_m25_er.pdf,Public archive URL pattern based on PapaCambridge examiner-report PDFs.
A_Level,Physics,9702,2025,June,9702_2025_June_ER.pdf,https://pastpapers.papacambridge.com/directories/CAIE/CAIE-pastpapers/upload/9702_s25_er.pdf,Public archive URL pattern based on PapaCambridge examiner-report PDFs.
A_Level,Physics,9702,2025,November,9702_2025_November_ER.pdf,https://pastpapers.papacambridge.com/directories/CAIE/CAIE-pastpapers/upload/9702_w25_er.pdf,Public archive URL pattern based on PapaCambridge examiner-report PDFs.
